total_steps,episode,episode_steps,episode_reward,episode_time,win,repeated,intrinsic_reward,loss,epsilon
31,1,31,2.91,4.614491939544678,False,0,0.0,,
57,2,26,2.76,3.587738275527954,False,0,0.0,6.737603664398193,0.0
101,3,44,10.910000000000002,6.485800504684448,False,0,0.0,5.380957126617432,0.0
172,4,71,12.0,12.813245296478271,True,0,0.0,7.044159412384033,0.0
197,5,25,6.569999999999999,2.660606384277344,False,0,0.0,7.228376865386963,0.0
233,6,36,10.0,7.299351930618286,False,0,0.0,6.202753067016602,0.0
267,7,34,8.8,11.592846155166626,False,0,0.0,3.161999225616455,0.0
295,8,28,6.09,9.36586332321167,False,0,0.0,7.044055938720703,0.0
325,9,30,6.58,6.244292497634888,False,0,0.0,6.160699844360352,0.0
353,10,28,6.51,3.553175449371338,False,0,0.0,6.596798896789551,0.0
400,11,47,10.0,7.902642726898193,False,0,0.0,6.7758073806762695,0.0
427,12,27,8.09,3.429964780807495,False,0,0.0,6.414589405059815,0.0
474,13,47,10.0,7.128822565078735,False,0,0.0,5.251003265380859,0.0
532,14,58,4.34,10.1501567363739,False,0,0.0,5.954973220825195,0.0
562,15,30,6.5,3.83365249633789,False,0,0.0,7.201941967010498,0.0
597,16,35,11.999999999999998,10.821950197219849,True,0,0.0,3.9762191772460938,0.0
628,17,31,6.73,10.604003429412842,False,0,0.0,7.1334228515625,0.0
655,18,27,6.29,9.08713984489441,False,0,0.0,6.743161201477051,0.0
686,19,31,6.259999999999999,7.636152744293213,False,0,0.0,6.86630392074585,0.0
708,20,22,4.12,3.36283016204834,False,0,0.0,6.382364273071289,0.0
761,21,53,12.0,11.398072004318236,True,0,0.0,6.903421878814697,0.0
782,22,21,6.0,6.181386947631836,False,0,0.0,4.180346965789795,0.0
809,23,27,6.0,4.994227409362793,False,0,0.0,4.112061500549316,0.0
833,24,24,6.17,2.704037666320801,False,0,0.0,5.89964771270752,0.0
871,25,38,11.999999999999996,5.453118324279785,True,0,0.0,5.296645164489746,0.0
914,26,43,11.999999999999996,16.74539351463318,True,0,0.0,4.790162086486816,0.0
943,27,29,8.0,3.545027494430542,False,0,0.0,3.64289140701294,0.0
983,28,40,8.95,5.308933734893799,False,0,0.0,4.262846946716309,0.0
1011,29,28,12.0,3.551771879196167,True,0,0.0,7.059767723083496,0.0
1041,30,30,6.790000000000001,3.829820871353149,False,0,0.0,7.093837738037109,0.0
1069,31,28,10.55,4.345333099365234,False,0,0.0,7.019659519195557,0.0
1114,32,45,10.47,17.954864740371704,False,0,0.0,3.312439203262329,0.0
1154,33,40,6.520000000000003,6.513605356216431,False,0,0.0,3.088530778884888,0.0
1188,34,34,9.999999999999998,4.236568450927734,False,0,0.0,2.720256805419922,0.0
1261,35,73,0.28,26.276036739349365,False,0,0.0,2.840659141540528,0.0
1316,36,55,10.429999999999996,22.15689301490784,False,0,0.0,2.886106491088867,0.0
1350,37,34,2.9600000000000004,13.396608591079712,False,0,0.0,2.6151607036590576,0.0
1392,38,42,12.0,15.253471851348875,True,0,0.0,2.3698301315307617,0.0
1435,39,43,6.0,16.357277393341064,False,0,0.0,3.597688674926758,0.0
1460,40,25,4.8500000000000005,7.753076553344727,False,0,0.0,2.956876277923584,0.0
1482,41,22,4.670000000000001,6.034750461578369,False,0,0.0,2.815565347671509,0.0
1517,42,35,10.0,11.561400413513184,False,0,0.0,2.1681199073791504,0.0
1551,43,34,10.86,11.802172899246216,False,0,0.0,2.3645424842834477,0.0
1577,44,26,10.609999999999998,7.935551881790161,False,0,0.0,3.2716588973999023,0.0
1616,45,39,6.53,14.35620617866516,False,0,0.0,2.325897693634033,0.0
1636,46,20,4.16,5.347865343093872,False,0,0.0,2.827895164489746,0.0
1692,47,56,2.74,24.985816478729248,False,0,0.0,2.792466878890991,0.0
1736,48,44,4.720000000000001,18.065643310546875,False,0,0.0,2.615173101425171,0.0
1768,49,32,4.200000000000001,12.081161975860596,False,0,0.0,2.631115198135376,0.0
1787,50,19,6.0,5.563111782073975,False,0,0.0,2.8292171955108643,0.0
1808,51,21,6.53,6.469437837600708,False,0,0.0,2.660637140274048,0.0
1837,52,29,12.0,9.735979557037354,False,0,0.0,2.166350841522217,0.0
1873,53,36,6.44,13.079982042312622,False,0,0.0,2.9377427101135254,0.0
1919,54,46,10.97,18.362924814224243,False,0,0.0,2.506431579589844,0.0
1953,55,34,12.0,12.422231912612917,True,0,0.0,2.6425857543945312,0.0
1976,56,23,6.0,7.485029935836792,False,0,0.0,2.3912577629089355,0.0
2001,57,25,12.0,8.637323141098022,True,0,0.0,7.105347633361816,0.0
2029,58,28,5.130000000000001,9.31078028678894,False,0,0.0,7.008591651916504,0.0
2059,59,30,12.0,9.846049308776855,True,0,0.0,7.094882965087891,0.0
2094,60,35,8.09,14.056585311889648,False,0,0.0,6.939940452575684,0.0
2119,61,25,4.880000000000001,7.610018014907837,False,0,0.0,7.091337203979492,0.0
2186,62,67,6.58,34.84817385673523,False,0,0.0,6.97458553314209,0.0
2218,63,32,10.51,11.123449325561523,False,0,0.0,7.04658317565918,0.0
2244,64,26,2.0,8.694743156433105,False,0,0.0,7.012877464294434,0.0
2277,65,33,12.0,9.407293319702148,True,0,0.0,6.98735237121582,0.0
2313,66,36,4.54,13.346439123153688,False,0,0.0,7.113768577575684,0.0
2363,67,50,8.629999999999999,9.010146379470823,False,0,0.0,7.077057838439941,0.0
2411,68,48,12.0,19.81226396560669,True,0,0.0,7.054439544677734,0.0
2437,69,26,8.68,7.883826494216919,False,0,0.0,7.166734218597412,0.0
2455,70,18,12.0,5.040640830993652,True,0,0.0,7.051492214202881,0.0
2494,71,39,11.999999999999998,14.368035316467283,True,0,0.0,6.92065954208374,0.0
2554,72,60,6.949999999999999,28.59126901626587,False,0,0.0,7.041827201843262,0.0
2661,73,107,7.999999999999999,235.6001992225647,False,0,0.0,6.893357753753662,0.0
2711,74,50,10.749999999999998,21.19438076019287,False,0,0.0,7.017822742462158,0.0
2738,75,27,4.210000000000001,10.409918546676636,False,0,0.0,7.071277618408203,0.0
2772,76,34,7.999999999999999,11.672286748886108,False,0,0.0,6.99540901184082,0.0
2820,77,48,10.05,19.67900824546814,False,0,0.0,7.134410858154297,0.0
2850,78,30,10.840000000000002,9.416629076004028,False,0,0.0,7.133529186248779,0.0
2885,79,35,8.98,12.974760293960571,False,0,0.0,6.968472957611084,0.0
2907,80,22,12.0,7.4617087841033936,True,0,0.0,7.1996049880981445,0.0
2946,81,39,12.0,14.139321565628052,True,0,0.0,6.98720121383667,0.0
2984,82,38,10.34,14.891016006469728,False,0,0.0,7.1955108642578125,0.0
3040,83,56,10.35,24.26677417755127,False,0,0.0,7.041030406951904,0.0
3097,84,57,2.5700000000000003,27.43312811851501,False,0,0.0,7.167747497558594,0.0
3156,85,59,8.489999999999998,26.29919505119324,False,0,0.0,7.078993320465088,0.0
3188,86,32,2.5200000000000005,10.902867317199709,False,0,0.0,7.127420902252197,0.0
3223,87,35,6.69,12.099234342575071,False,0,0.0,7.103226184844971,0.0
3262,88,39,1.33,14.327450513839722,False,0,0.0,7.093515396118164,0.0
3310,89,48,10.38,21.346740007400516,False,0,0.0,7.09977912902832,0.0
3363,90,53,10.360000000000005,23.032371282577515,False,0,0.0,6.838778495788574,0.0
3399,91,36,12.000000000000002,13.079462051391602,True,0,0.0,6.938612461090088,0.0
3452,92,53,10.519999999999998,1136.4896385669708,False,0,0.0,7.0753173828125,0.0
3485,93,33,8.850000000000001,15941.391609430311,False,0,0.0,7.137528896331787,0.0
3518,94,33,10.21,3.082421064376831,False,0,0.0,6.971445083618164,0.0
3563,95,45,12.0,5.49939227104187,True,0,0.0,7.1358184814453125,0.0
3607,96,44,8.15,14.086284399032593,False,0,0.0,6.737249374389648,0.0
3638,97,31,10.540000000000004,9.429410696029665,False,0,0.0,7.0905046463012695,0.0
3743,98,105,8.819999999999991,57.59333109855652,False,0,0.0,7.12741231918335,0.0
3773,99,30,8.389999999999999,7.676148414611816,False,0,0.0,6.920435905456543,0.0
3823,100,50,6.0,14.998675107955933,False,0,0.0,7.102638244628906,0.0
3850,101,27,10.9,6.550674200057983,False,0,0.0,7.042546272277832,0.0
3882,102,32,11.999999999999998,6.642412185668945,True,0,0.0,7.212277412414551,0.0
3913,103,31,10.159999999999998,8.927837610244751,False,0,0.0,6.973471164703369,0.0
3954,104,41,6.390000000000001,15.529815196990969,False,0,0.0,7.075913906097412,0.0
3995,105,41,4.0,12.080585479736328,False,0,0.0,6.9076361656188965,0.0
4022,106,27,8.71,6.08603310585022,False,0,0.0,7.060734748840332,0.0
4055,107,33,11.999999999999998,6.81911826133728,True,0,0.0,7.123652458190918,0.0
4092,108,37,6.0,7.536405801773071,False,0,0.0,7.055369377136231,0.0
4128,109,36,6.529999999999999,7.748528242111206,False,0,0.0,7.135358333587647,0.0
4155,110,27,6.229999999999999,5.8189756870269775,False,0,0.0,6.917829990386963,0.0
4175,111,20,12.0,3.9713404178619385,True,0,0.0,7.031020641326904,0.0
4272,112,97,12.0,43.740461111068726,True,0,0.0,7.053835868835449,0.0
4319,113,47,8.219999999999997,12.560893774032593,False,0,0.0,7.128436088562012,0.0
4381,114,62,8.12,20.27716469764709,False,0,0.0,7.111741065979004,0.0
4444,115,63,6.459999999999999,24.730684518814087,False,0,0.0,7.036283016204834,0.0
4473,116,29,4.52,7.11668062210083,False,0,0.0,7.077444076538086,0.0
4576,117,103,11.999999999999998,49.42218780517578,True,0,0.0,7.094809055328369,0.0
4598,118,22,4.57,5.86031436920166,False,0,0.0,7.165056228637695,0.0
4629,119,31,12.000000000000002,9.537755250930786,True,0,0.0,7.137103080749512,0.0
4660,120,31,6.88,7.849379777908325,False,0,0.0,6.952202320098877,0.0
4686,121,26,10.28,4.928161859512329,False,0,0.0,7.057080268859863,0.0
4723,122,37,12.0,9.09981393814087,True,0,0.0,7.026318073272705,0.0
4755,123,32,12.0,7.394320726394653,True,0,0.0,7.154527187347412,0.0
4788,124,33,10.0,6.340301513671875,False,0,0.0,7.092132091522217,0.0
4816,125,28,6.66,6.180531978607178,False,0,0.0,7.16879415512085,0.0
4857,126,41,12.000000000000002,9.81753659248352,True,0,0.0,7.154432773590088,0.0
4927,127,70,10.22,27.836036682128903,False,0,0.0,7.0045905113220215,0.0
4953,128,26,12.0,5.651685476303101,True,0,0.0,7.096776962280273,0.0
4989,129,36,10.96,9.141359806060793,False,0,0.0,7.074310779571533,0.0
5042,130,53,10.989999999999998,7.965213298797607,False,0,0.0,7.163355350494385,0.0
5127,1,85,12.000000000000002,51.22032403945923,True,0,0.0,7.0840229988098145,0.0
5159,2,32,4.890000000000001,9.6162850856781,False,0,0.0,6.8274736404418945,0.0
5190,3,31,6.59,8.761283159255981,False,0,0.0,7.188754081726074,0.0
5214,4,24,12.0,6.52423357963562,True,0,0.0,7.069087028503418,0.0
5252,5,38,12.0,9.94861364364624,True,0,0.0,7.107224464416504,0.0
5282,6,30,10.0,8.049360513687134,False,0,0.0,7.052247047424316,0.0
5335,7,53,8.0,19.476783514022827,False,0,0.0,7.008536338806152,0.0
5374,8,39,8.71,12.574307203292847,False,0,0.0,6.931426048278809,0.0
5398,9,24,4.6,5.91283917427063,False,0,0.0,7.065639495849609,0.0
5449,10,51,8.33,18.400001049041748,False,0,0.0,7.084905624389648,0.0
5487,11,38,4.27,11.40574598312378,False,0,0.0,7.140840530395508,0.0
5546,12,59,4.35,23.19650363922119,False,0,0.0,6.893945217132568,0.0
5571,13,25,6.6000000000000005,7.118762016296387,False,0,0.0,6.8228678703308105,0.0
5622,14,51,7.999999999999999,18.085102081298828,False,0,0.0,7.063784122467041,0.0
5684,15,62,10.62,25.64971399307251,False,0,0.0,6.964974880218506,0.0
5767,16,83,10.920000000000002,66.12359476089478,False,0,0.0,7.038936138153076,0.0
5800,17,33,12.0,17.46290421485901,True,0,0.0,7.056184768676758,0.0
5833,18,33,8.219999999999999,18.46532893180847,False,0,0.0,7.037891864776611,0.0
5860,19,27,12.0,9.10509705543518,True,0,0.0,7.058181285858154,0.0
5898,20,38,6.3100000000000005,12.678115844726562,False,0,0.0,7.1178812980651855,0.0
5977,21,79,11.999999999999996,119.21694755554199,True,0,0.0,6.921449661254883,0.0
6037,22,60,12.190000000000001,183.9440734386444,False,0,0.0,7.111705780029297,0.0
6093,23,56,10.099999999999998,22.32768940925598,False,0,0.0,7.104730129241943,0.0
6131,24,38,4.51,11.741987943649292,False,0,0.0,7.18093729019165,0.0
6161,25,30,6.26,8.2239990234375,False,0,0.0,6.966362953186035,0.0
6200,26,39,12.0,12.465125799179077,True,0,0.0,6.943582534790039,0.0
6226,27,26,6.1899999999999995,7.060351610183716,False,0,0.0,7.15102481842041,0.0
6257,28,31,11.999999999999998,12.39421796798706,True,0,0.0,7.062451362609863,0.0
6321,29,64,6.0000000000000036,27.644113302230835,False,0,0.0,6.970412731170654,0.0
6353,30,32,10.470000000000002,9.123987197875977,False,0,0.0,7.164196014404297,0.0
6386,31,33,2.71,10.006318092346191,False,0,0.0,6.907839775085449,0.0
6421,32,35,12.0,10.549156188964844,True,0,0.0,7.0773115158081055,0.0
6453,33,32,6.39,11.467781782150269,False,0,0.0,6.987964153289795,0.0
6480,34,27,4.68,12.430761098861694,False,0,0.0,7.184168815612793,0.0
6516,35,36,8.76,13.671725511550903,False,0,0.0,6.9517645835876465,0.0
6560,36,44,10.590000000000002,18.487094163894653,False,0,0.0,7.0420355796813965,0.0
6625,37,65,12.0,43.38991045951843,True,0,0.0,7.113128185272217,0.0
6669,38,44,10.86,19.830476999282837,False,0,0.0,7.065654754638672,0.0
6705,39,36,12.0,17.486233234405518,True,0,0.0,6.936821460723877,0.0
6746,40,41,12.0,18.992748737335205,True,0,0.0,7.115086555480957,0.0
6786,41,40,10.09,16.585174083709717,False,0,0.0,7.137441635131836,0.0
6834,42,48,11.999999999999996,20.32565665245056,True,0,0.0,7.104100227355957,0.0
6861,43,27,10.49,10.381437540054321,False,0,0.0,7.115073204040527,0.0
6915,44,54,8.19,33.38382077217102,False,0,0.0,6.9589643478393555,0.0
6950,45,35,4.910000000000001,14.612893104553223,False,0,0.0,6.884771347045898,0.0
6982,46,32,8.809999999999999,12.042612791061401,False,0,0.0,7.125888824462891,0.0
7035,47,53,6.3,185.66100811958313,False,0,0.0,6.925354957580566,0.0
7067,48,32,12.000000000000002,11.477482080459595,True,0,0.0,7.056442737579346,0.0
7120,49,53,8.0,22.699601650238037,False,0,0.0,7.076834678649902,0.0
7184,50,64,11.999999999999995,44.118446588516235,True,0,0.0,6.951459884643555,0.0
7219,51,35,6.46,13.318830490112305,False,0,0.0,6.960905075073242,0.0
7261,52,42,8.250000000000002,19.22278666496277,False,0,0.0,7.070507526397705,0.0
7285,53,24,4.109999999999999,8.388461589813232,False,0,0.0,7.083913803100586,0.0
7310,54,25,6.97,7.840851783752441,False,0,0.0,7.014334678649902,0.0
7346,55,36,8.190000000000001,21.455348014831543,False,0,0.0,7.098341941833496,0.0
7379,56,33,12.0,15.420363426208496,True,0,0.0,7.170994281768799,0.0
7427,57,48,6.049999999999999,26.777056455612183,False,0,0.0,6.897143363952637,0.0
7473,58,46,4.999999999999998,27.01532483100891,False,0,0.0,7.030522346496582,0.0
7508,59,35,4.3500000000000005,13.482383012771606,False,0,0.0,7.0977911949157715,0.0
7534,60,26,6.53,8.23758864402771,False,0,0.0,7.13590669631958,0.0
7553,61,19,11.999999999999998,5.510477066040039,True,0,0.0,7.134565353393555,0.0
7607,62,54,12.0,25.769530057907104,True,0,0.0,7.067734241485596,0.0
7636,63,29,12.0,18.026219367980957,True,0,0.0,6.90582275390625,0.0
7662,64,26,2.83,7.832759141921997,False,0,0.0,7.160744667053223,0.0
7698,65,36,6.290000000000001,13.990591526031494,False,0,0.0,7.027901649475098,0.0
7727,66,29,2.5600000000000005,9.889360427856445,False,0,0.0,7.220911502838135,0.0
7752,67,25,2.01,7.323521614074707,False,0,0.0,7.107224941253662,0.0
7801,68,49,9.999999999999998,25.827815532684326,False,0,0.0,7.094501495361328,0.0
7840,69,39,11.999999999999996,15.77358889579773,True,0,0.0,6.990303039550781,0.0
7883,70,43,8.69,16.00327706336975,False,0,0.0,7.095526695251465,0.0
7912,71,29,11.999999999999998,9.28285026550293,True,0,0.0,7.077665328979492,0.0
7934,72,22,12.0,6.486866235733032,True,0,0.0,7.090567111968994,0.0
7962,73,28,4.0,9.902945518493652,False,0,0.0,6.986688613891602,0.0
7991,74,29,8.42,15.427132368087769,False,0,0.0,7.037779808044434,0.0
8084,75,93,5.26,201.97692275047302,False,0,0.0,6.869575500488281,0.0
8177,76,93,6.090000000000001,70.3264570236206,False,0,0.0,7.02632999420166,0.0
8212,77,35,6.339999999999999,22.91340947151184,False,0,0.0,7.101820468902588,0.0
8240,78,28,8.82,10.273741245269775,False,0,0.0,7.088196277618408,0.0
8286,79,46,8.409999999999998,17.295998334884644,False,0,0.0,7.028069496154785,0.0
8322,80,36,2.6999999999999997,16.472553491592407,False,0,0.0,6.983575820922852,0.0
8351,81,29,8.569999999999999,18.203935861587524,False,0,0.0,7.168670177459717,0.0
8395,82,44,12.0,16.93864393234253,True,0,0.0,6.996689796447754,0.0
8452,83,57,10.19,25.391093969345093,False,0,0.0,7.016077995300293,0.0
8509,84,57,6.8,38.03534173965454,False,0,0.0,7.030451774597168,0.0
8544,85,35,0.1700000000000001,15.39447569847107,False,0,0.0,7.020289421081543,0.0
8594,86,50,4.28,30.520470142364502,False,0,0.0,6.979723930358887,0.0
8613,87,19,4.58,6.686972379684448,False,0,0.0,7.017108917236328,0.0
8682,88,69,11.999999999999996,39.1953399181366,True,0,0.0,6.995147705078125,0.0
8728,89,46,2.29,19.013752222061157,False,0,0.0,7.076324939727783,0.0
8760,90,32,8.329999999999998,10.10028624534607,False,0,0.0,7.0698561668396,0.0
8805,91,45,10.590000000000002,31.408369779586792,False,0,0.0,7.019061088562012,0.0
8830,92,25,12.0,8.04363226890564,True,0,0.0,7.161398887634277,0.0
8913,93,83,8.19,60.46750998497009,False,0,0.0,6.993581295013428,0.0
8961,94,48,6.000000000000002,27.365864992141724,False,0,0.0,7.129279136657715,0.0
9026,95,65,15.379999999999999,185.8988745212555,False,0,0.0,7.087579727172852,0.0
9072,96,46,11.999999999999998,18.304796934127808,True,0,0.0,7.057050704956055,0.0
9107,97,35,4.35,14.4733247756958,False,0,0.0,7.080304145812988,0.0
9158,98,51,6.84,24.529276371002197,False,0,0.0,7.01550817489624,0.0
9210,99,52,10.579999999999998,25.946866273880005,False,0,0.0,7.060283660888672,0.0
9252,100,42,8.64,15.245330572128296,False,0,0.0,7.034261703491211,0.0
9291,101,39,7.999999999999999,12.969656229019165,False,0,0.0,7.007254123687744,0.0
9343,102,52,6.0,31.975834369659424,False,0,0.0,7.0764923095703125,0.0
9404,103,61,12.0,33.950117349624634,True,0,0.0,7.033721446990967,0.0
9449,104,45,0.76,18.803240537643433,False,0,0.0,6.946026802062988,0.0
9493,105,44,12.0,23.488760471343994,True,0,0.0,6.843707084655762,0.0
9538,106,45,11.999999999999998,18.896143198013306,True,0,0.0,6.866912364959717,0.0
9574,107,36,4.549999999999999,13.656100988388062,False,0,0.0,6.85708475112915,0.0
9603,108,29,8.64,9.995888471603394,False,0,0.0,6.876748561859131,0.0
9662,109,59,6.39,37.295109033584595,False,0,0.0,7.137989521026611,0.0
9710,110,48,11.999999999999998,20.83189630508423,True,0,0.0,7.1552934646606445,0.0
9772,111,62,8.569999999999999,38.59624123573303,False,0,0.0,6.937661170959473,0.0
9801,112,29,8.73,10.092836380004883,False,0,0.0,7.147201061248779,0.0
9825,113,24,12.0,8.142923593521118,True,0,0.0,7.059631824493408,0.0
9855,114,30,12.0,11.173688888549805,True,0,0.0,7.063453197479248,0.0
9886,115,31,12.000000000000002,12.791597843170166,True,0,0.0,7.099483489990234,0.0
9912,116,26,6.089999999999999,7.656370401382446,False,0,0.0,6.942452907562256,0.0
9953,117,41,4.04,22.53087568283081,False,0,0.0,7.0367512702941895,0.0
9978,118,25,4.55,7.872586965560913,False,0,0.0,7.047492980957031,0.0
10032,119,54,15.999999999999998,224.30306768417358,False,0,0.0,7.107446670532227,0.0
10063,120,31,2.9000000000000004,10.305521488189697,False,0,0.0,7.085009574890137,0.0
10104,121,41,2.76,16.792075157165527,False,0,0.0,7.142302513122559,0.0
10160,122,56,4.4399999999999995,32.126967906951904,False,0,0.0,7.04103946685791,0.0
10188,123,28,12.0,9.046754598617554,True,0,0.0,7.03187894821167,0.0
10222,124,34,6.820000000000001,12.676980018615723,False,0,0.0,7.0650553703308105,0.0
10254,125,32,12.000000000000002,11.348666429519653,True,0,0.0,7.044161319732666,0.0
10288,126,34,8.0,13.709928750991821,False,0,0.0,7.064234733581543,0.0
10328,127,40,11.999999999999996,20.763699531555176,True,0,0.0,7.179557800292969,0.0
10372,128,44,11.999999999999998,20.71745777130127,True,0,0.0,7.141331672668457,0.0
10412,129,40,8.0,15.58172607421875,False,0,0.0,6.999179840087891,0.0
10442,130,30,2.94,9.165319919586182,False,0,0.0,7.012693405151367,0.0
10479,131,37,4.51,20.034610509872437,False,0,0.0,6.918636798858643,0.0
10528,132,49,12.0,20.46664071083069,True,0,0.0,7.002506732940674,0.0
10560,133,32,10.660000000000002,11.127537727355957,False,0,0.0,7.00688362121582,0.0
10630,134,70,10.919999999999993,47.86854100227356,False,0,0.0,6.847854137420654,0.0
10669,135,39,8.96,13.498722076416016,False,0,0.0,7.088682174682617,0.0
10719,136,50,9.999999999999996,21.050086498260498,False,0,0.0,7.076441764831543,0.0
10759,137,40,8.0,22.42535972595215,False,0,0.0,7.0419206619262695,0.0
10783,138,24,4.830000000000001,8.875825643539429,False,0,0.0,7.063293933868408,0.0
10858,139,75,9.999999999999998,43.58493161201477,False,0,0.0,7.1408796310424805,0.0
10885,140,27,4.99,9.360052585601807,False,0,0.0,7.031649112701416,0.0
10919,141,34,6.720000000000001,18.83204960823059,False,0,0.0,7.0436530113220215,0.0
10965,142,46,11.999999999999996,17.888142824172974,True,0,0.0,6.859521865844727,0.0
11023,143,58,14.409999999999998,245.99744200706482,False,0,0.0,7.168257713317871,0.0
11066,144,43,4.33,27.17508339881897,False,0,0.0,7.144527435302734,0.0
11097,145,31,10.0,11.639116048812866,False,0,0.0,7.215856552124023,0.0
11143,146,46,6.01,17.8185076713562,False,0,0.0,7.008587837219238,0.0
11196,147,53,10.39,23.0717453956604,False,0,0.0,7.006983280181885,0.0
11235,148,39,8.539999999999997,23.311043977737427,False,0,0.0,7.1795525550842285,0.0
11267,149,32,12.0,11.723447322845459,True,0,0.0,6.907010078430176,0.0
11352,150,85,12.0,55.82452940940857,True,0,0.0,6.938971519470215,0.0
11383,151,31,2.6500000000000004,10.465449094772339,False,0,0.0,7.10850715637207,0.0
11412,152,29,6.859999999999999,10.404864311218262,False,0,0.0,7.098991394042969,0.0
11452,153,40,10.86,13.55410885810852,False,0,0.0,6.828431129455566,0.0
11501,154,49,8.52,19.464163780212402,False,0,0.0,7.191929817199707,0.0
11535,155,34,8.0,19.140743732452393,False,0,0.0,6.8975043296813965,0.0
11567,156,32,5.999999999999999,11.263107538223267,False,0,0.0,7.043560981750488,0.0
11628,157,61,6.710000000000002,30.79161286354065,False,0,0.0,7.14826774597168,0.0
11652,158,24,6.0,7.004084587097168,False,0,0.0,6.945943832397461,0.0
11683,159,31,4.890000000000001,18.92185926437378,False,0,0.0,7.1513895988464355,0.0
11717,160,34,8.7,12.151169061660767,False,0,0.0,7.021036624908447,0.0
11742,161,25,6.38,7.9293296337127686,False,0,0.0,6.999370098114014,0.0
11787,162,45,8.120000000000001,18.52489924430847,False,0,0.0,7.0211591720581055,0.0
11817,163,30,8.2,9.97474718093872,False,0,0.0,7.165014743804932,0.0
11877,164,60,10.329999999999998,42.415335178375244,False,0,0.0,7.114092826843262,0.0
11916,165,39,8.530000000000001,18.394977807998657,False,0,0.0,6.919425964355469,0.0
11955,166,39,8.62,18.45976233482361,False,0,0.0,6.908928394317627,0.0
11994,167,39,8.929999999999996,19.01545000076294,False,0,0.0,6.921436309814453,0.0
12044,168,50,12.320000000000002,217.68771743774414,True,0,0.0,7.079476833343506,0.0
12080,169,36,8.579999999999998,13.253693342208862,False,0,0.0,7.012330055236816,0.0
12103,170,23,11.999999999999998,7.764671802520752,True,0,0.0,7.122048377990723,0.0
12142,171,39,6.769999999999996,16.719313383102417,False,0,0.0,7.148337364196777,0.0
12181,172,39,10.389999999999999,20.43715476989746,False,0,0.0,7.10158109664917,0.0
12269,173,88,6.0000000000000036,62.479408264160156,False,0,0.0,7.147568702697754,0.0
12294,174,25,2.6799999999999997,17.139275789260864,False,0,0.0,7.026762008666992,0.0
12330,175,36,6.2,11.668234586715698,False,0,0.0,7.10831880569458,0.0
12384,176,54,8.71,23.79641842842102,False,0,0.0,6.985282897949219,0.0
12413,177,29,4.509999999999999,8.493511438369751,False,0,0.0,6.978862762451172,0.0
12464,178,51,12.000000000000009,32.458677530288696,True,0,0.0,7.03806209564209,0.0
12522,179,58,11.999999999999998,27.89520573616028,True,0,0.0,7.2203288078308105,0.0
12558,180,36,4.51,11.402392625808716,False,0,0.0,6.981905460357666,0.0
12585,181,27,8.680000000000001,7.483449697494507,False,0,0.0,7.113842487335205,0.0
12637,182,52,6.0,29.142495155334473,False,0,0.0,7.082676410675049,0.0
12673,183,36,12.0,14.44949197769165,True,0,0.0,7.1991095542907715,0.0
12727,184,54,10.0,26.985857486724854,True,0,0.0,7.052486419677734,0.0
12755,185,28,6.56,16.111154079437256,False,0,0.0,7.125564098358154,0.0
12819,186,64,10.119999999999997,36.09260606765747,False,0,0.0,6.806164741516113,0.0
12860,187,41,12.0,17.541626453399658,True,0,0.0,7.0829081535339355,0.0
12913,188,53,11.999999999999998,30.309375047683716,True,0,0.0,7.016952991485596,0.0
12932,189,19,2.5300000000000002,6.534626245498657,False,0,0.0,7.112049579620361,0.0
12965,190,33,8.73,11.724640130996704,False,0,0.0,7.096325874328613,0.0
12996,191,31,8.000000000000002,10.932729005813599,False,0,0.0,7.050286769866943,0.0
13026,192,30,12.0,346.7873110771179,True,0,0.0,7.158607006072998,0.0
13067,193,41,4.12,16.66187357902527,False,0,0.0,7.164224147796631,0.0
13119,194,52,4.6000000000000005,24.457857370376587,False,0,0.0,7.214561462402344,0.0
13146,195,27,6.820000000000001,13.707618236541748,False,0,0.0,6.996110916137695,0.0
13194,196,48,8.09,19.121093273162842,False,0,0.0,7.122294902801514,0.0
13276,197,82,7.999999999999998,56.068397998809814,False,0,0.0,7.1390767097473145,0.0
13337,198,61,11.999999999999998,32.96941137313843,True,0,0.0,7.045374393463135,0.0
13382,199,45,8.35,26.550424575805664,False,0,0.0,7.044671058654785,0.0
13410,200,28,8.309999999999999,11.29064655303955,False,0,0.0,7.0978827476501465,0.0
13450,201,40,4.239999999999999,16.089866161346436,False,0,0.0,6.977669715881348,0.0
13475,202,25,8.0,9.199246883392334,False,0,0.0,7.187241554260254,0.0
13506,203,31,12.0,11.437910079956055,True,0,0.0,7.0377326011657715,0.0
13567,204,61,12.000000000000002,38.98689866065979,True,0,0.0,7.144209861755371,0.0
13593,205,26,4.84,9.042068243026733,False,0,0.0,7.132934093475342,0.0
13622,206,29,12.0,12.269447803497314,True,0,0.0,7.166011810302734,0.0
13644,207,22,4.399999999999999,9.02478313446045,False,0,0.0,7.061906814575195,0.0
13662,208,18,4.0,4.954463243484497,False,0,0.0,7.033166408538818,0.0
13694,209,32,8.750000000000002,15.521564483642578,False,0,0.0,7.010958671569824,0.0
13734,210,40,10.0,16.61373996734619,False,0,0.0,6.9513115882873535,0.0
13808,211,74,10.470000000000002,53.385335206985474,False,0,0.0,7.0066938400268555,0.0
13841,212,33,8.63,13.972972393035889,False,0,0.0,6.986706256866455,0.0
13876,213,35,12.0,17.05799627304077,True,0,0.0,6.950593948364258,0.0
13906,214,30,12.0,12.301927089691162,True,0,0.0,6.910873889923096,0.0
13936,215,30,12.0,13.422831058502197,True,0,0.0,7.002322196960449,0.0
14030,216,94,19.54,207.8686807155609,False,0,0.0,7.016174793243408,0.0
14122,217,92,12.0,68.99817180633545,True,0,0.0,7.089509963989258,0.0
14150,218,28,4.700000000000001,8.52867078781128,False,0,0.0,7.132852554321289,0.0
14213,219,63,12.0,38.402061223983765,True,0,0.0,7.036400318145752,0.0
14255,220,42,6.46,17.187241315841675,False,0,0.0,7.142428874969482,0.0
14315,221,60,10.000000000000002,27.137489080429077,False,0,0.0,6.958267688751221,0.0
14351,222,36,10.09,18.914172410964966,False,0,0.0,7.015712261199951,0.0
14379,223,28,11.999999999999998,10.873391389846802,True,0,0.0,7.123963356018066,0.0
14446,224,67,10.0,35.90812873840332,False,0,0.0,7.103806018829346,0.0
14475,225,29,12.0,11.800211906433105,True,0,0.0,7.097893714904785,0.0
14566,226,91,9.999999999999998,64.49556541442871,False,0,0.0,7.015518665313721,0.0
14599,227,33,12.000000000000002,17.66656231880188,True,0,0.0,7.136084079742432,0.0
14627,228,28,12.0,10.041195392608643,True,0,0.0,6.973046779632568,0.0
14659,229,32,2.2199999999999998,10.75232744216919,False,0,0.0,7.2057085037231445,0.0
14698,230,39,10.929999999999998,14.047609329223633,False,0,0.0,7.102346897125244,0.0
14750,231,52,4.23,29.4919216632843,False,0,0.0,7.089319229125977,0.0
14784,232,34,10.089999999999996,12.732877731323242,False,0,0.0,6.974249839782715,0.0
14875,233,91,12.0,68.00340151786804,True,0,0.0,7.078489303588867,0.0
14917,234,42,8.57,22.01135754585266,False,0,0.0,6.982525825500488,0.0
14947,235,30,8.0,13.309073209762573,False,0,0.0,7.04833984375,0.0
14980,236,33,8.69,11.731072902679443,False,0,0.0,7.086855411529541,0.0
15038,237,58,13.679999999999998,215.35441756248474,False,0,0.0,6.994261741638184,0.0
15078,238,40,9.999999999999996,21.53978204727173,False,0,0.0,7.144041061401367,0.0
15109,239,31,10.000000000000002,9.435598134994507,False,0,0.0,7.070072650909424,0.0
15151,240,42,6.779999999999999,19.00113868713379,False,0,0.0,7.034456729888916,0.0
15252,241,101,6.069999999999999,66.61111998558044,False,0,0.0,7.010476112365723,0.0
15287,242,35,6.0,17.10780096054077,False,0,0.0,6.901745319366455,0.0
15311,243,24,6.0,7.208162307739258,False,0,0.0,7.012570381164551,0.0
15342,244,31,12.0,10.215327262878418,True,0,0.0,7.112969875335693,0.0
15360,245,18,2.8799999999999994,10.105455875396729,False,0,0.0,7.141082763671875,0.0
15396,246,36,6.000000000000001,12.95132064819336,False,0,0.0,7.0558881759643555,0.0
15424,247,28,12.000000000000002,9.434590101242065,True,0,0.0,7.1519269943237305,0.0
15468,248,44,8.29,17.74990153312683,False,0,0.0,7.023680686950684,0.0
15506,249,38,11.999999999999998,16.205646276474,True,0,0.0,7.045045852661133,0.0
15562,250,56,12.0,30.109821319580078,True,0,0.0,7.1132097244262695,0.0
15593,251,31,8.25,9.433393239974976,False,0,0.0,7.1515350341796875,0.0
15633,252,40,8.530000000000001,13.64843487739563,False,0,0.0,6.982010364532471,0.0
15673,253,40,10.829999999999998,15.62940788269043,False,0,0.0,7.194190979003906,0.0
15757,254,84,12.0,54.55597424507141,True,0,0.0,7.123961448669434,0.0
15794,255,37,10.549999999999999,13.931998014450073,False,0,0.0,7.064164161682129,0.0
15815,256,21,6.05,11.892605066299438,False,0,0.0,6.868015766143799,0.0
15851,257,36,12.0,15.486490249633789,True,0,0.0,7.11687707901001,0.0
15894,258,43,6.910000000000004,18.76142978668213,False,0,0.0,7.029098033905029,0.0
15935,259,41,8.0,22.15809965133667,False,0,0.0,6.98103666305542,0.0
15960,260,25,12.0,13.942133903503418,True,0,0.0,7.179534912109375,0.0
15993,261,33,9.999999999999998,11.430324792861938,False,0,0.0,7.066910743713379,0.0
16034,262,41,11.200000000000001,159.53075909614563,False,0,0.0,7.065532207489014,0.0
16068,263,34,6.77,17.836525440216064,False,0,0.0,7.0087995529174805,0.0
16096,264,28,11.999999999999998,12.352303981781006,True,0,0.0,7.023932456970215,0.0
16122,265,26,8.0,12.642314195632935,False,0,0.0,7.0993428230285645,0.0
16206,266,84,8.000000000000004,58.868645668029785,False,0,0.0,7.030538558959961,0.0
16245,267,39,6.0,20.57925581932068,False,0,0.0,7.184757232666016,0.0
16321,268,76,11.999999999999998,49.94765257835388,True,0,0.0,7.030109882354736,0.0
16361,269,40,6.18,22.937169790267944,False,0,0.0,7.037613391876221,0.0
16397,270,36,12.0,12.382248878479004,True,0,0.0,7.098160743713379,0.0
16500,271,103,12.0,85.00259041786194,True,0,0.0,7.062358379364014,0.0
16521,272,21,4.529999999999999,6.095436096191406,False,0,0.0,7.069276332855225,0.0
16541,273,20,2.2,6.073863744735718,False,0,0.0,7.102171421051025,0.0
16569,274,28,10.23,9.082618713378906,False,0,0.0,7.1486406326293945,0.0
16602,275,33,8.99,19.71659779548645,False,0,0.0,7.164997577667236,0.0
16647,276,45,4.509999999999999,19.917694807052612,False,0,0.0,6.995006084442139,0.0
16667,277,20,4.38,6.1779561042785645,False,0,0.0,7.081668376922607,0.0
16695,278,28,10.0,12.31855821609497,False,0,0.0,7.052650451660156,0.0
16723,279,28,6.0600000000000005,11.407883882522583,False,0,0.0,7.114734649658203,0.0
16755,280,32,4.839999999999999,18.238715648651123,False,0,0.0,7.026156425476074,0.0
16784,281,29,6.219999999999998,10.152751922607422,False,0,0.0,7.183627128601074,0.0
16839,282,55,12.0,26.115751028060913,True,0,0.0,7.026564598083496,0.0
16865,283,26,4.9399999999999995,8.197881698608398,False,0,0.0,7.101213455200195,0.0
16887,284,22,6.0,9.383814811706543,False,0,0.0,7.123597621917725,0.0
16921,285,34,4.09,18.152547597885132,False,0,0.0,6.987783432006836,0.0
16965,286,44,8.6,17.112663745880127,False,0,0.0,6.946281433105469,0.0
17025,287,60,16.93,218.81402111053467,False,0,0.0,6.959676742553711,0.0
17063,288,38,11.999999999999998,17.984610080718994,True,0,0.0,6.8390583992004395,0.0
17106,289,43,11.999999999999996,19.659722089767456,True,0,0.0,7.080021858215332,0.0
17133,290,27,12.0,16.37598180770874,True,0,0.0,7.115242004394531,0.0
17162,291,29,11.999999999999998,9.50150465965271,True,0,0.0,6.862787246704102,0.0
17186,292,24,2.95,7.582915544509888,False,0,0.0,7.1041998863220215,0.0
17212,293,26,6.35,11.189765930175781,False,0,0.0,7.08101749420166,0.0
17249,294,37,6.36,14.111363172531128,False,0,0.0,7.046353340148926,0.0
17294,295,45,12.000000000000002,23.591682195663452,True,0,0.0,6.994830131530762,0.0
17323,296,29,12.0,12.190879583358765,True,0,0.0,7.013489723205566,0.0
17360,297,37,12.0,14.596444129943848,True,0,0.0,7.212827205657959,0.0
17404,298,44,8.49,17.248510360717773,False,0,0.0,6.696499824523926,0.0
17430,299,26,6.869999999999997,10.370130777359009,False,0,0.0,7.066626071929932,0.0
17458,300,28,6.67,13.3645498752594,False,0,0.0,7.16349983215332,0.0
17498,301,40,4.769999999999999,16.049389600753784,False,0,0.0,7.10174560546875,0.0
17517,302,19,6.59,7.5734944343566895,False,0,0.0,7.083437442779541,0.0
17557,303,40,10.0,21.851927042007446,False,0,0.0,7.0782318115234375,0.0
17587,304,30,10.969999999999999,13.37471866607666,False,0,0.0,7.103075981140137,0.0
17617,305,30,4.3100000000000005,14.670790910720825,False,0,0.0,7.081331253051758,0.0
17638,306,21,2.6,6.628502368927002,False,0,0.0,7.057980537414551,0.0
17666,307,28,8.65,10.646641969680786,False,0,0.0,7.1134934425354,0.0
17741,308,75,8.409999999999998,50.35378670692444,False,0,0.0,7.081621170043945,0.0
17773,309,32,4.12,13.100373268127441,False,0,0.0,7.048813819885254,0.0
17829,310,56,4.87,34.960920572280884,False,0,0.0,7.135175704956055,0.0
17854,311,25,2.5799999999999996,11.823188543319702,False,0,0.0,7.061156272888184,0.0
17882,312,28,4.25,15.871144533157349,False,0,0.0,7.1083574295043945,0.0
17933,313,51,10.06,21.8317654132843,False,0,0.0,7.05421781539917,0.0
17964,314,31,10.399999999999999,12.98157286643982,False,0,0.0,7.067593097686768,0.0
17995,315,31,8.200000000000001,16.25068187713623,False,0,0.0,7.141664981842041,0.0
18028,316,33,8.17,309.4317569732666,False,0,0.0,6.797475337982178,0.0
18058,317,30,10.09,10.27601408958435,False,0,0.0,7.0041890144348145,0.0
18085,318,27,11.999999999999998,11.559556722640991,True,0,0.0,7.177667617797852,0.0
18121,319,36,8.18,11.949428081512451,False,0,0.0,6.970290660858154,0.0
18175,320,54,6.9700000000000015,24.517189979553223,False,0,0.0,7.036004066467285,0.0
18242,321,67,7.999999999999998,38.78534698486328,False,0,0.0,7.046289920806885,0.0
18309,322,67,12.0,36.56224060058594,True,0,0.0,7.056999683380127,0.0
18340,323,31,6.590000000000001,13.061349868774414,False,0,0.0,6.904939651489258,0.0
18363,324,23,0.0,9.536255359649658,False,0,0.0,6.900727272033691,0.0
18385,325,22,6.37,7.274359703063965,False,0,0.0,7.165816307067871,0.0
18438,326,53,8.65,25.804950714111328,False,0,0.0,7.030070781707764,0.0
18482,327,44,8.429999999999993,23.672568559646606,False,0,0.0,7.076874256134033,0.0
18524,328,42,8.0,17.80784583091736,False,0,0.0,7.076925277709961,0.0
18566,329,42,4.819999999999999,15.42269492149353,False,0,0.0,6.901544570922852,0.0
18604,330,38,12.0,13.232466697692871,True,0,0.0,7.073770523071289,0.0
18650,331,46,4.38,26.65362811088562,False,0,0.0,6.999927520751953,0.0
18680,332,30,7.9999999999999964,9.832924365997314,False,0,0.0,6.889618873596191,0.0
18719,333,39,12.0,16.371575832366943,True,0,0.0,7.123343467712402,0.0
18795,334,76,7.190000000000001,52.86738896369934,False,0,0.0,7.187675476074219,0.0
18827,335,32,10.73,14.430428743362427,False,0,0.0,7.08997917175293,0.0
18861,336,34,7.999999999999999,15.028888940811157,False,0,0.0,7.07469367980957,0.0
18910,337,49,4.389999999999999,29.913174152374268,False,0,0.0,7.020429611206055,0.0
18942,338,32,3.999999999999999,11.578850030899048,False,0,0.0,7.161584854125977,0.0
18977,339,35,2.9400000000000004,13.83976697921753,False,0,0.0,6.9693827629089355,0.0
19020,340,43,8.0,219.45939707756042,False,0,0.0,7.059748649597168,0.0
19042,341,22,8.0,6.023514270782471,False,0,0.0,7.094574928283691,0.0
19070,342,28,8.280000000000003,8.72379755973816,False,0,0.0,7.047433853149414,0.0
19106,343,36,10.95,16.019435167312622,False,0,0.0,7.167966842651367,0.0
19129,344,23,4.78,11.023148775100708,False,0,0.0,6.985140800476074,0.0
19157,345,28,8.649999999999999,11.35568881034851,False,0,0.0,7.038970947265625,0.0
19196,346,39,10.000000000000002,19.526623010635376,False,0,0.0,7.110645771026611,0.0
19226,347,30,6.779999999999999,9.168617963790894,False,0,0.0,7.076115131378174,0.0
19252,348,26,8.0,8.702422618865967,False,0,0.0,7.169633388519287,0.0
19281,349,29,6.54,16.105910301208496,False,0,0.0,7.113102436065674,0.0
19310,350,29,12.000000000000002,12.102019786834717,True,0,0.0,6.971111297607422,0.0
19381,351,71,6.0,35.02713441848755,False,0,0.0,7.041121959686279,0.0
19436,352,55,8.780000000000001,35.059717416763306,False,0,0.0,7.108819961547852,0.0
19535,353,99,12.0,78.47750091552734,True,0,0.0,6.954885482788086,0.0
19563,354,28,4.6899999999999995,9.339308261871338,False,0,0.0,6.988142013549805,0.0
19601,355,38,11.999999999999998,12.91797947883606,True,0,0.0,7.179428577423096,0.0
19628,356,27,4.579999999999999,8.124823808670044,False,0,0.0,6.932588577270508,0.0
19672,357,44,8.389999999999999,26.447751760482788,False,0,0.0,6.982532024383545,0.0
19713,358,41,11.999999999999996,13.778179407119751,True,0,0.0,7.169766902923584,0.0
19761,359,48,4.380000000000001,23.30449080467224,False,0,0.0,7.1834716796875,0.0
19799,360,38,8.729999999999999,15.01503586769104,False,0,0.0,7.044788360595703,0.0
19845,361,46,9.079999999999997,23.63653540611267,False,0,0.0,7.012801170349121,0.0
19875,362,30,10.31,12.158492803573608,False,0,0.0,7.039586544036865,0.0
19910,363,35,7.999999999999999,15.199777364730835,False,0,0.0,7.129438400268555,0.0
19927,364,17,2.0,4.857661724090576,False,0,0.0,6.978644371032715,0.0
19954,365,27,8.39,8.445990085601807,False,0,0.0,7.092659950256348,0.0
19984,366,30,4.92,12.42043399810791,False,0,0.0,7.170147895812988,0.0
20034,367,50,7.37,323.76450061798096,False,0,0.0,7.065237045288086,0.0
20083,368,49,4.789999999999997,20.136189937591553,False,0,0.0,7.161757946014404,0.0
20113,369,30,6.93,11.476381063461304,False,0,0.0,7.115627765655518,0.0
20159,370,46,10.969999999999999,31.413580179214478,False,0,0.0,6.8316755294799805,0.0
20190,371,31,4.25,10.784940481185913,False,0,0.0,7.014400482177734,0.0
20221,372,31,6.17,9.414908409118652,False,0,0.0,6.9719696044921875,0.0
20254,373,33,2.0,13.720845222473145,False,0,0.0,7.092718124389648,0.0
20284,374,30,6.000000000000001,13.333342790603638,False,0,0.0,7.150707721710205,0.0
20316,375,32,4.14,17.65464186668396,False,0,0.0,7.058793544769287,0.0
20353,376,37,12.000000000000002,16.060230493545532,True,0,0.0,6.9826788902282715,0.0
20385,377,32,6.0,11.219375610351562,False,0,0.0,7.1459479331970215,0.0
20432,378,47,4.84,21.602437257766724,False,0,0.0,7.08702278137207,0.0
20514,379,82,2.0,55.806143283843994,False,0,0.0,6.984291076660156,0.0
20560,380,46,10.459999999999999,23.13174271583557,False,0,0.0,7.216207981109619,0.0
20589,381,29,2.15,10.273816108703613,False,0,0.0,7.10551118850708,0.0
20695,382,106,12.0,89.026620388031,True,0,0.0,7.028695583343506,0.0
20726,383,31,10.0,13.661215543746948,False,0,0.0,7.120457649230957,0.0
20756,384,30,4.0,13.499194383621216,False,0,0.0,7.146599292755127,0.0
20850,385,94,12.0,72.82520842552185,True,0,0.0,7.133905410766602,0.0
20870,386,20,2.92,8.408778667449951,False,0,0.0,7.062675952911377,0.0
20899,387,29,8.0,14.046619415283203,False,0,0.0,7.007674694061279,0.0
20947,388,48,6.319999999999999,23.619332790374756,False,0,0.0,7.03788948059082,0.0
20977,389,30,8.19,10.106950044631958,False,0,0.0,7.093343257904053,0.0
21029,390,52,14.000000000000002,178.2512912750244,True,0,0.0,7.092788219451904,0.0
21072,391,43,10.87,16.47342562675476,False,0,0.0,7.141085147857666,0.0
21108,392,36,6.289999999999999,14.699013233184814,False,0,0.0,7.112013816833496,0.0
21159,393,51,8.000000000000004,20.019373655319214,False,0,0.0,6.9162821769714355,0.0
21193,394,34,8.599999999999994,14.664616823196411,False,0,0.0,6.971113681793213,0.0
21216,395,23,6.3,9.602184772491455,False,0,0.0,7.020786762237549,0.0
21254,396,38,8.879999999999999,16.019594430923462,False,0,0.0,7.022946357727051,0.0
21280,397,26,12.0,7.414981842041016,True,0,0.0,7.043438911437988,0.0
21343,398,63,11.999999999999998,34.90522623062134,True,0,0.0,6.904036998748779,0.0
21378,399,35,4.829999999999998,16.736572265625,False,0,0.0,7.143146991729736,0.0
21436,400,58,1.999999999999999,35.90360713005066,False,0,0.0,6.902059078216553,0.0
21459,401,23,6.0,6.8663434982299805,False,0,0.0,7.043488502502441,0.0
21503,402,44,4.41,24.68632173538208,False,0,0.0,7.114021301269531,0.0
21544,403,41,10.87,15.923324584960938,False,0,0.0,6.962269306182861,0.0
21577,404,33,12.000000000000002,14.096462965011597,True,0,0.0,6.882415294647217,0.0
21606,405,29,8.2,8.872589588165283,False,0,0.0,6.99422550201416,0.0
21637,406,31,6.0,11.120848894119263,False,0,0.0,7.117900371551514,0.0
21667,407,30,2.06,16.54471755027771,False,0,0.0,7.026796340942383,0.0
21753,408,86,11.999999999999998,65.2796778678894,True,0,0.0,7.154789924621582,0.0
21798,409,45,4.94,19.57631278038025,False,0,0.0,6.820378303527832,0.0
21853,410,55,7.999999999999998,27.01408052444458,False,0,0.0,7.047606468200684,0.0
21887,411,34,8.199999999999998,11.759238481521606,False,0,0.0,7.083160877227783,0.0
21927,412,40,11.999999999999996,21.690706729888916,True,0,0.0,7.014169692993164,0.0
21955,413,28,6.73,11.79005217552185,False,0,0.0,7.0340094566345215,0.0
21974,414,19,6.54,6.639561891555786,False,0,0.0,7.112505912780762,0.0
21998,415,24,2.4600000000000004,11.031638145446777,False,0,0.0,7.002861022949219,0.0
22027,416,29,8.61,183.9887523651123,False,0,0.0,7.024563789367676,0.0
22063,417,36,11.999999999999996,14.829311847686768,True,0,0.0,7.072525978088379,0.0
22086,418,23,4.589999999999999,7.701781988143921,False,0,0.0,7.056653022766113,0.0
22139,419,53,8.18,26.990189790725708,False,0,0.0,6.976021766662598,0.0
22171,420,32,12.0,14.872259616851807,True,0,0.0,7.065752029418945,0.0
22200,421,29,6.460000000000001,9.883209705352783,False,0,0.0,7.022740364074707,0.0
22226,422,26,4.58,8.70015287399292,False,0,0.0,7.21551513671875,0.0
22250,423,24,0.5,8.550299644470215,False,0,0.0,7.0816779136657715,0.0
22273,424,23,12.0,7.391280889511108,True,0,0.0,6.919246196746826,0.0
22323,425,50,8.64,29.925424575805664,False,0,0.0,6.885196208953857,0.0
22351,426,28,4.0,13.970276832580566,False,0,0.0,6.921915054321289,0.0
22378,427,27,2.0,10.732257843017578,False,0,0.0,6.919389247894287,0.0
22396,428,18,2.14,5.1143083572387695,False,0,0.0,6.926478862762451,0.0
22464,429,68,12.0,49.623032331466675,True,0,0.0,7.095271587371826,0.0
22500,430,36,8.06,16.454528331756592,False,0,0.0,7.0381927490234375,0.0
22527,431,27,8.559999999999999,12.157123327255249,False,0,0.0,6.919783115386963,0.0
22564,432,37,8.250000000000002,13.376723527908325,False,0,0.0,7.149257659912109,0.0
22598,433,34,10.720000000000002,12.947388172149658,False,0,0.0,7.0525312423706055,0.0
22625,434,27,11.999999999999998,14.032169580459595,True,0,0.0,7.172695159912109,0.0
22656,435,31,7.999999999999999,10.543861865997314,False,0,0.0,7.110394477844238,0.0
22675,436,19,12.0,6.669566631317139,True,0,0.0,6.8968000411987305,0.0
22717,437,42,4.000000000000001,18.977511167526245,False,0,0.0,7.144901752471924,0.0
22747,438,30,8.3,13.052722215652466,False,0,0.0,7.089871406555176,0.0
22777,439,30,4.63,17.36316990852356,False,0,0.0,7.097660064697266,0.0
22857,440,80,10.310000000000002,52.73791313171387,False,0,0.0,6.970429420471191,0.0
22901,441,44,12.0,26.061737775802612,True,0,0.0,7.129067897796631,0.0
22961,442,60,12.000000000000002,31.567537307739258,True,0,0.0,7.031948089599609,0.0
23027,443,66,14.61,268.2636966705322,False,0,0.0,7.008633613586426,0.0
23089,444,62,6.0,31.653208255767822,False,0,0.0,7.0133056640625,0.0
23126,445,37,10.470000000000004,18.95350670814514,False,0,0.0,7.1150054931640625,0.0
23158,446,32,8.27,13.936358213424683,False,0,0.0,7.058858871459961,0.0
23192,447,34,10.29,18.15922784805298,False,0,0.0,6.974662780761719,0.0
23230,448,38,8.0,17.29348874092102,False,0,0.0,7.100918292999268,0.0
23256,449,26,4.239999999999999,7.706772565841675,False,0,0.0,7.008049488067627,0.0
23287,450,31,11.999999999999998,18.5477294921875,True,0,0.0,7.08487606048584,0.0
23350,451,63,12.0,35.18138027191162,True,0,0.0,7.009761810302734,0.0
23369,452,19,0.97,5.7103540897369385,False,0,0.0,6.858933448791504,0.0
23397,453,28,12.0,8.82963752746582,True,0,0.0,7.0173211097717285,0.0
23451,454,54,4.329999999999999,35.98458480834961,False,0,0.0,6.994657039642334,0.0
23477,455,26,2.0,8.122506618499756,False,0,0.0,7.121661186218262,0.0
23560,456,83,12.0,61.98490762710571,True,0,0.0,7.115846157073975,0.0
23600,457,40,8.78,18.737029552459717,False,0,0.0,7.0264363288879395,0.0
23661,458,61,8.230000000000004,42.00967884063721,False,0,0.0,6.743749141693115,0.0
23692,459,31,12.0,12.399711847305298,True,0,0.0,7.081580638885498,0.0
23717,460,25,12.0,13.114164590835571,True,0,0.0,6.96818208694458,0.0
23755,461,38,4.550000000000002,19.092342376708984,False,0,0.0,7.168068885803223,0.0
23781,462,26,11.999999999999998,11.311994075775146,True,0,0.0,7.038460731506348,0.0
23840,463,59,12.000000000000002,38.27409863471985,True,0,0.0,7.001225471496582,0.0
23876,464,36,12.000000000000002,19.46268892288208,True,0,0.0,7.033870697021484,0.0
23903,465,27,4.0,13.26482081413269,False,0,0.0,7.125135898590088,0.0
23939,466,36,6.34,18.94421410560608,False,0,0.0,6.964675426483154,0.0
23976,467,37,6.0,14.333439588546753,False,0,0.0,7.115270137786865,0.0
24033,468,57,14.75,221.3495695590973,True,0,0.0,6.937819957733154,0.0
24061,469,28,6.82,15.181568384170532,False,0,0.0,7.242561340332031,0.0
24118,470,57,8.18,34.88525056838989,False,0,0.0,7.086751937866211,0.0
24149,471,31,10.580000000000002,11.781880617141724,False,0,0.0,7.126771450042725,0.0
24175,472,26,6.09,8.991376876831055,False,0,0.0,6.982664108276367,0.0
24207,473,32,12.0,17.456019401550293,True,0,0.0,7.133183002471924,0.0
24235,474,28,6.24,13.246219635009766,False,0,0.0,7.069550514221191,0.0
24264,475,29,1.9999999999999996,14.231746673583984,False,0,0.0,7.032928943634033,0.0
24299,476,35,8.700000000000005,13.906570196151733,False,0,0.0,6.916316032409668,0.0
24344,477,45,10.709999999999999,20.237311363220215,False,0,0.0,7.075644016265869,0.0
24374,478,30,7.9999999999999964,13.32681918144226,False,0,0.0,7.138526439666748,0.0
24405,479,31,9.999999999999996,18.24688744544983,False,0,0.0,7.03837776184082,0.0
24433,480,28,6.25,11.583167552947998,False,0,0.0,7.07009744644165,0.0
24462,481,29,8.0,9.4522225856781,False,0,0.0,7.130513668060303,0.0
24487,482,25,0.83,7.427716493606567,False,0,0.0,7.101002216339111,0.0
24513,483,26,8.450000000000001,8.290749311447144,False,0,0.0,7.141330718994141,0.0
24550,484,37,10.0,16.074861526489258,False,0,0.0,7.121081352233887,0.0
24583,485,33,0.6800000000000002,17.7502498626709,False,0,0.0,7.062499523162842,0.0
24614,486,31,10.670000000000003,11.478208065032959,False,0,0.0,7.094225883483887,0.0
24647,487,33,11.999999999999996,10.960566282272339,True,0,0.0,7.138542175292969,0.0
24724,488,77,4.580000000000001,50.906548738479614,False,0,0.0,7.187917709350586,0.0
24760,489,36,6.92,13.25533676147461,False,0,0.0,7.068885326385498,0.0
24800,490,40,11.999999999999996,14.755436420440674,True,0,0.0,6.9991631507873535,0.0
24871,491,71,6.0,49.45212721824646,False,0,0.0,7.094729423522949,0.0
24900,492,29,6.72,15.59522557258606,False,0,0.0,7.063657283782959,0.0
24929,493,29,8.0,9.49899435043335,False,0,0.0,7.012198448181152,0.0
24961,494,32,6.05,11.089316129684448,False,0,0.0,7.111824989318848,0.0
24991,495,30,4.46,12.42202877998352,False,0,0.0,7.12785530090332,0.0
25035,496,44,14.139999999999999,178.61248064041138,True,0,0.0,7.202020168304443,0.0
25076,497,41,4.93,19.430602312088013,False,0,0.0,7.188588619232178,0.0
25143,498,67,10.529999999999996,40.29132580757141,False,0,0.0,6.963420391082764,0.0
25178,499,35,9.999999999999996,15.68238639831543,False,0,0.0,7.030028343200684,0.0
25204,500,26,6.0,8.531916618347168,False,0,0.0,7.074263095855713,0.0
25231,501,27,12.0,8.798257827758789,True,0,0.0,7.017498016357422,0.0
25304,502,73,10.200000000000001,49.90993404388428,False,0,0.0,7.049200057983398,0.0
25336,503,32,11.999999999999998,11.451648950576782,True,0,0.0,7.13569974899292,0.0
25400,504,64,12.000000000000002,44.0137403011322,True,0,0.0,7.107987880706787,0.0
25447,505,47,10.319999999999995,19.211223602294922,False,0,0.0,7.10085916519165,0.0
25484,506,37,8.06,13.361488580703735,False,0,0.0,6.983794212341309,0.0
25518,507,34,8.26,12.996876955032349,False,0,0.0,7.198810577392578,0.0
25556,508,38,12.0,23.238088846206665,True,0,0.0,7.0008320808410645,0.0
25587,509,31,2.2099999999999995,10.031747341156006,False,0,0.0,7.117975234985352,0.0
25618,510,31,8.42,9.8953537940979,False,0,0.0,7.139780044555664,0.0
25693,511,75,11.999999999999998,47.63305592536926,True,0,0.0,7.040017604827881,0.0
25733,512,40,8.12,18.415271043777466,False,0,0.0,7.100364685058594,0.0
25781,513,48,6.93,18.709227085113525,False,0,0.0,6.884738922119141,0.0
25806,514,25,4.0600000000000005,11.007804870605469,False,0,0.0,7.116043567657471,0.0
25849,515,43,8.09,25.451151847839355,False,0,0.0,6.78961181640625,0.0
25896,516,47,10.45,18.124166250228882,False,0,0.0,7.119640827178955,0.0
25923,517,27,6.65,8.126749515533447,False,0,0.0,7.1075439453125,0.0
25947,518,24,4.7,7.385293483734131,False,0,0.0,7.061726093292236,0.0
25975,519,28,12.0,12.408989906311035,True,0,0.0,7.14326810836792,0.0
26027,520,52,10.18,240.66692066192627,False,0,0.0,7.0596113204956055,0.0
26059,521,32,6.3100000000000005,11.785348176956177,False,0,0.0,7.056930065155029,0.0
26087,522,28,4.869999999999999,9.499666690826416,False,0,0.0,7.029266357421875,0.0
26148,523,61,10.19,33.98079705238342,False,0,0.0,7.109222412109375,0.0
26175,524,27,6.8,13.719929218292236,False,0,0.0,7.05709981918335,0.0
26222,525,47,3.9999999999999996,22.862998723983765,False,0,0.0,7.100244522094727,0.0
26273,526,51,8.0,20.26695942878723,False,0,0.0,6.995691299438477,0.0
26324,527,51,11.999999999999996,30.256856441497803,True,0,0.0,7.018643856048584,0.0
26357,528,33,10.15,11.847044944763184,False,0,0.0,6.976474761962891,0.0
26398,529,41,6.0,19.697335720062256,False,0,0.0,7.130094051361084,0.0
26501,530,103,8.86,85.00880455970764,False,0,0.0,6.989987373352051,0.0
26525,531,24,8.0,9.582406044006348,False,0,0.0,7.166906356811523,0.0
26556,532,31,11.999999999999998,15.740473747253418,True,0,0.0,7.143989562988281,0.0
26594,533,38,4.0,17.242213010787964,False,0,0.0,7.179209232330322,0.0
26631,534,37,4.380000000000002,12.80410385131836,False,0,0.0,7.03525972366333,0.0
26671,535,40,6.8100000000000005,17.563701391220093,False,0,0.0,7.004796504974365,0.0
26705,536,34,12.0,17.619328260421753,True,0,0.0,7.113917827606201,0.0
26754,537,49,10.130000000000003,20.581687688827515,False,0,0.0,7.115736484527588,0.0
26829,538,75,10.27,49.5816388130188,False,0,0.0,7.127360820770264,0.0
26865,539,36,8.590000000000003,15.720781087875366,False,0,0.0,7.0503740310668945,0.0
26897,540,32,12.0,10.185803413391113,True,0,0.0,7.091192722320557,0.0
26958,541,61,10.96,43.28138875961304,False,0,0.0,7.138545036315918,0.0
26985,542,27,6.760000000000001,11.355425357818604,False,0,0.0,7.087199687957764,0.0
27030,543,45,8.09,255.8874475955963,False,0,0.0,7.080145359039307,0.0
27060,544,30,3.5100000000000002,14.362941265106201,False,0,0.0,7.195910930633545,0.0
27091,545,31,10.129999999999999,14.142809629440308,False,0,0.0,7.0489182472229,0.0
27124,546,33,12.0,11.188724040985107,True,0,0.0,7.057479381561279,0.0
27176,547,52,12.0,23.447941064834595,True,0,0.0,6.934720516204834,0.0
27219,548,43,8.8,22.141949892044067,False,0,0.0,7.076399326324463,0.0
27235,549,16,2.07,7.971700429916382,False,0,0.0,7.148172855377197,0.0
27248,550,13,0.77,3.3377935886383057,False,0,0.0,7.190208911895752,0.0
27277,551,29,10.69,9.650856018066406,False,0,0.0,7.074071884155273,0.0
27313,552,36,12.0,13.235714673995972,True,0,0.0,7.042205810546875,0.0
27343,553,30,8.760000000000002,10.204418182373047,False,0,0.0,6.942712783813477,0.0
27384,554,41,12.000000000000004,17.038537740707397,True,0,0.0,7.084444046020508,0.0
27434,555,50,8.05,32.432496309280396,False,0,0.0,7.113443374633789,0.0
27464,556,30,8.0,13.020092725753784,False,0,0.0,7.174251556396484,0.0
27490,557,26,6.03,10.310837268829346,False,0,0.0,7.093774795532227,0.0
27582,558,92,10.350000000000001,64.13538026809692,False,0,0.0,7.045676231384277,0.0
27618,559,36,10.349999999999996,21.654804706573486,False,0,0.0,7.024921894073486,0.0
27647,560,29,6.29,16.20359468460083,False,0,0.0,7.040355205535889,0.0
27719,561,72,12.0,38.08406472206116,True,0,0.0,7.1089887619018555,0.0
27744,562,25,12.0,12.124956607818604,True,0,0.0,7.137739181518555,0.0
27783,563,39,6.919999999999999,23.048596620559692,False,0,0.0,6.989358425140381,0.0
27849,564,66,12.0,32.26473689079285,True,0,0.0,7.033059120178223,0.0
27882,565,33,12.0,18.531084299087524,True,0,0.0,6.884465217590332,0.0
27916,566,34,3.9999999999999996,19.126446962356567,False,0,0.0,7.05021858215332,0.0
27952,567,36,6.3,12.3713219165802,False,0,0.0,7.099034786224365,0.0
28032,568,80,12.0,211.14411544799805,False,0,0.0,6.980424880981445,0.0
28090,569,58,8.629999999999999,32.65808701515198,False,0,0.0,7.04542350769043,0.0
28153,570,63,12.0,44.82268762588501,True,0,0.0,6.990549564361572,0.0
28226,571,73,2.06,45.85267090797424,False,0,0.0,7.012420654296875,0.0
28293,572,67,4.000000000000002,44.60411214828491,False,0,0.0,7.105317115783691,0.0
28357,573,64,6.16,38.36668539047241,False,0,0.0,7.166955471038818,0.0
28427,574,70,10.97,36.75549864768982,False,0,0.0,7.104320526123047,0.0
28460,575,33,6.869999999999999,10.980822324752808,False,0,0.0,7.098834991455078,0.0
28501,576,41,7.999999999999999,14.261185884475708,False,0,0.0,7.087301731109619,0.0
28525,577,24,12.0,12.116629362106323,True,0,0.0,6.984777450561523,0.0
28570,578,45,8.19,18.344212532043457,False,0,0.0,7.09492826461792,0.0
28601,579,31,8.41,13.867163181304932,False,0,0.0,6.923151969909668,0.0
28634,580,33,4.6000000000000005,13.730102777481079,False,0,0.0,6.997360706329346,0.0
28667,581,33,4.549999999999999,15.940332174301147,False,0,0.0,7.164365768432617,0.0
28712,582,45,6.639999999999998,20.451449871063232,False,0,0.0,7.14613151550293,0.0
28840,583,128,10.48,124.21083283424377,False,0,0.0,7.002645969390869,0.0
28869,584,29,4.0600000000000005,13.486387252807617,False,0,0.0,7.070862293243408,0.0
28905,585,36,6.000000000000001,12.342660427093506,False,0,0.0,7.014141082763672,0.0
28945,586,40,6.0,14.774351596832275,False,0,0.0,7.029970645904541,0.0
29026,587,81,10.589999999999996,240.45035982131958,False,0,0.0,6.974437236785889,0.0
29101,588,75,8.529999999999998,55.6274836063385,False,0,0.0,6.962998390197754,0.0
29129,589,28,6.000000000000001,12.205954551696777,False,0,0.0,7.063011646270752,0.0
29211,590,82,12.0,65.87739300727844,True,0,0.0,7.033658027648926,0.0
29237,591,26,8.54,9.916370630264282,False,0,0.0,7.161077976226807,0.0
29286,592,49,0.58,33.33710598945618,False,0,0.0,6.955557823181152,0.0
29314,593,28,6.6499999999999995,12.08912706375122,False,0,0.0,6.917794704437256,0.0
29339,594,25,0.8799999999999999,10.173964262008667,False,0,0.0,6.864178657531738,0.0
29379,595,40,12.000000000000002,19.455859661102295,True,0,0.0,7.054409503936768,0.0
29416,596,37,4.84,21.405043840408325,False,0,0.0,7.0543742179870605,0.0
29465,597,49,12.0,26.567225217819214,True,0,0.0,6.998712539672852,0.0
29509,598,44,10.75,15.987545490264893,False,0,0.0,7.064454078674316,0.0
29569,599,60,8.229999999999995,35.98800587654114,False,0,0.0,7.01864767074585,0.0
29606,600,37,4.5,18.4873685836792,False,0,0.0,7.0670294761657715,0.0
29674,601,68,11.999999999999998,41.51880645751953,True,0,0.0,7.1786885261535645,0.0
29729,602,55,8.179999999999998,25.59963893890381,False,0,0.0,7.045277118682861,0.0
29763,603,34,12.000000000000002,10.76134729385376,True,0,0.0,7.129775524139404,0.0
29792,604,29,6.0,9.387089014053345,False,0,0.0,7.091454029083252,0.0
29833,605,41,6.189999999999999,23.387765169143677,False,0,0.0,7.139688014984131,0.0
29889,606,56,10.47,33.12590575218201,False,0,0.0,7.180774211883545,0.0
29916,607,27,10.0,11.082736253738403,False,0,0.0,7.06665563583374,0.0
29948,608,32,8.409999999999998,13.494274377822876,False,0,0.0,7.136707305908203,0.0
30038,609,90,18.600000000000005,400.44594645500183,False,0,0.0,7.177318572998047,0.0
30077,610,39,10.160000000000002,13.657264471054077,False,0,0.0,7.108068466186523,0.0
30107,611,30,12.0,12.656365633010864,True,0,0.0,6.979824066162109,0.0
30164,612,57,8.420000000000003,39.135662317276,False,0,0.0,6.941658020019531,0.0
30212,613,48,10.16,19.339043140411377,False,0,0.0,7.084298133850098,0.0
30274,614,62,10.0,37.85606026649475,False,0,0.0,7.055163860321045,0.0
30311,615,37,4.000000000000002,13.737820625305176,False,0,0.0,7.130916595458984,0.0
30347,616,36,2.099999999999999,12.226678371429443,False,0,0.0,7.118494987487793,0.0
30397,617,50,4.969999999999999,19.566030263900757,False,0,0.0,7.120648384094238,0.0
30430,618,33,8.169999999999996,10.416995525360107,False,0,0.0,7.1345133781433105,0.0
30459,619,29,2.0,21.389235496520996,False,0,0.0,7.074392318725586,0.0
30494,620,35,6.38,14.662688732147217,False,0,0.0,7.099450588226318,0.0
30585,621,91,4.379999999999999,67.69916248321533,False,0,0.0,6.9988298416137695,0.0
30625,622,40,12.000000000000002,16.130001544952393,True,0,0.0,7.083669662475586,0.0
30649,623,24,8.629999999999999,7.8697168827056885,False,0,0.0,7.099470138549805,0.0
30719,624,70,10.570000000000004,46.23651742935181,False,0,0.0,7.146088600158691,0.0
30748,625,29,12.0,10.72497010231018,True,0,0.0,7.089100360870361,0.0
30783,626,35,6.739999999999999,13.49009919166565,False,0,0.0,7.037938117980957,0.0
30831,627,48,11.999999999999998,19.855529308319092,True,0,0.0,7.137289047241211,0.0
30877,628,46,12.0,31.368067502975464,True,0,0.0,7.095876693725586,0.0
30940,629,63,12.000000000000002,27.708240509033203,True,0,0.0,7.025990962982178,0.0
30962,630,22,0.7599999999999998,7.221437692642212,False,0,0.0,7.125067710876465,0.0
31032,631,70,22.45,226.88209438323975,True,0,0.0,7.044253349304199,0.0
31075,632,43,6.0,19.46674942970276,False,0,0.0,7.027331352233887,0.0
31125,633,50,10.230000000000002,24.651074171066284,False,0,0.0,7.106991291046143,0.0
31153,634,28,7.999999999999999,9.525622606277466,False,0,0.0,7.014561653137207,0.0
31186,635,33,12.0,15.852981805801392,True,0,0.0,7.117039680480957,0.0
31228,636,42,6.0,17.77261757850647,False,0,0.0,6.995619297027588,0.0
31269,637,41,4.449999999999999,18.25792360305786,False,0,0.0,6.96146297454834,0.0
31305,638,36,6.56,17.356229305267334,False,0,0.0,6.904326438903809,0.0
31377,639,72,8.36,46.373361110687256,False,0,0.0,7.14999532699585,0.0
31428,640,51,8.56,27.526562213897705,False,0,0.0,7.100940227508545,0.0
31464,641,36,8.14,17.246437549591064,False,0,0.0,6.9453125,0.0
31490,642,26,12.0,8.831192016601562,True,0,0.0,7.035299777984619,0.0
31532,643,42,10.919999999999998,15.827130317687988,False,0,0.0,7.124327182769775,0.0
31559,644,27,12.0,10.159516334533691,True,0,0.0,7.202661514282227,0.0
31617,645,58,8.789999999999997,24.233564853668213,False,0,0.0,7.028031826019287,0.0
31644,646,27,4.57,14.098752498626709,False,0,0.0,7.090627670288086,0.0
31719,647,75,12.0,39.910032749176025,True,0,0.0,7.074469566345215,0.0
31781,648,62,12.000000000000002,45.70778751373291,True,0,0.0,6.899160385131836,0.0
31815,649,34,2.4800000000000004,13.204836368560791,False,0,0.0,6.925375938415527,0.0
31841,650,26,0.14,7.9028425216674805,False,0,0.0,6.985543251037598,0.0
31868,651,27,4.76,9.76539134979248,False,0,0.0,7.089781761169434,0.0
31899,652,31,8.91,13.153311729431152,False,0,0.0,7.026723861694336,0.0
31930,653,31,6.930000000000001,17.575135469436646,False,0,0.0,7.034477233886719,0.0
31964,654,34,11.999999999999998,12.110427856445312,True,0,0.0,6.949528217315674,0.0
32043,655,79,9.999999999999998,265.3117401599884,False,0,0.0,6.990868091583252,0.0
32076,656,33,8.0,11.888776540756226,False,0,0.0,6.992330074310303,0.0
32109,657,33,10.59,12.733734369277954,False,0,0.0,7.124763011932373,0.0
32139,658,30,8.440000000000001,11.067451238632202,False,0,0.0,7.170621871948242,0.0
32199,659,60,6.0,39.382500410079956,False,0,0.0,7.063647747039795,0.0
32225,660,26,2.6399999999999997,8.972845792770386,False,0,0.0,7.025341033935547,0.0
32262,661,37,10.0,15.457231283187866,False,0,0.0,7.086549282073975,0.0
32289,662,27,8.69,10.872522830963135,False,0,0.0,7.1608476638793945,0.0
32342,663,53,10.31,36.95767903327942,False,0,0.0,7.157041072845459,0.0
32370,664,28,6.6899999999999995,9.51693344116211,False,0,0.0,7.243896484375,0.0
32415,665,45,8.429999999999996,19.258041620254517,False,0,0.0,7.09201717376709,0.0
32468,666,53,8.169999999999998,29.24703288078308,False,0,0.0,7.045008659362793,0.0
32488,667,20,1.9999999999999998,9.447315692901611,False,0,0.0,7.0738205909729,0.0
32514,668,26,4.670000000000001,8.874266862869263,False,0,0.0,6.938526153564453,0.0
32585,669,71,8.37,53.304935693740845,False,0,0.0,6.957873821258545,0.0
32632,670,47,12.000000000000004,21.68988060951233,True,0,0.0,7.099404335021973,0.0
32670,671,38,8.0,19.28888487815857,False,0,0.0,6.962178707122803,0.0
32725,672,55,6.0,27.140753269195557,False,0,0.0,6.995599269866943,0.0
32777,673,52,12.0,30.60334610939026,True,0,0.0,7.087784290313721,0.0
32814,674,37,12.0,18.19782257080078,True,0,0.0,7.021144390106201,0.0
32844,675,30,6.0,20.726200342178345,False,0,0.0,7.091171741485596,0.0
32884,676,40,11.999999999999998,19.76794743537903,True,0,0.0,7.152929306030273,0.0
32918,677,34,12.0,11.08419919013977,True,0,0.0,7.006409168243408,0.0
32947,678,29,6.8599999999999985,10.664572715759277,False,0,0.0,6.98323917388916,0.0
32989,679,42,12.0,14.428922176361084,True,0,0.0,7.065982341766357,0.0
33039,680,50,14.009999999999994,219.0290982723236,False,0,0.0,7.044269561767578,0.0
33083,681,44,6.3,30.06365132331848,False,0,0.0,7.199483871459961,0.0
33117,682,34,12.0,14.315318584442139,True,0,0.0,7.049743175506592,0.0
33191,683,74,10.770000000000003,38.58742046356201,False,0,0.0,7.000036716461182,0.0
33220,684,29,12.0,19.956185817718506,True,0,0.0,7.156896591186523,0.0
33255,685,35,12.0,14.41801905632019,True,0,0.0,7.02097225189209,0.0
33285,686,30,2.17,12.684189081192017,False,0,0.0,7.038361072540283,0.0
33342,687,57,12.0,26.460360765457153,True,0,0.0,7.072257041931152,0.0
33383,688,41,10.65,19.919230461120605,False,0,0.0,6.984768867492676,0.0
33410,689,27,10.0,8.624191284179688,False,0,0.0,7.047518730163574,0.0
33444,690,34,4.68,11.186004638671875,False,0,0.0,7.154667854309082,0.0
33471,691,27,4.0,11.064314603805542,False,0,0.0,7.0259904861450195,0.0
33513,692,42,8.819999999999999,24.73459482192993,False,0,0.0,6.889897346496582,0.0
33547,693,34,6.34,11.732790470123291,False,0,0.0,7.101948261260986,0.0
33588,694,41,10.81,15.663501262664795,False,0,0.0,7.02022123336792,0.0
33613,695,25,6.2700000000000005,7.596642255783081,False,0,0.0,7.040525436401367,0.0
33641,696,28,6.56,8.260483741760254,False,0,0.0,6.919734477996826,0.0
33673,697,32,8.0,22.09831166267395,False,0,0.0,7.041086673736572,0.0
33753,698,80,6.76,49.18895411491394,False,0,0.0,7.031378746032715,0.0
33781,699,28,8.0,15.951576471328735,False,0,0.0,7.11141300201416,0.0
33807,700,26,6.84,12.435439825057983,False,0,0.0,6.969164848327637,0.0
33833,701,26,2.76,8.19053316116333,False,0,0.0,7.031252861022949,0.0
33858,702,25,8.579999999999998,7.726601839065552,False,0,0.0,7.016720771789551,0.0
33895,703,37,6.23,13.52037239074707,False,0,0.0,7.152170658111572,0.0
33946,704,51,8.29,22.051685571670532,False,0,0.0,7.199884414672852,0.0
33975,705,29,6.26,15.897159099578857,False,0,0.0,7.0110907554626465,0.0
34064,706,89,7.650000000000001,308.6305525302887,False,0,0.0,7.071954727172852,0.0
34098,707,34,4.5,10.98883843421936,False,0,0.0,7.171390056610107,0.0
34142,708,44,8.430000000000003,20.747775554656982,False,0,0.0,7.165487289428711,0.0
34200,709,58,11.999999999999996,33.90055465698242,True,0,0.0,7.069911956787109,0.0
34242,710,42,8.0,20.124833822250366,False,0,0.0,6.963033676147461,0.0
34273,711,31,10.620000000000001,13.402074337005615,False,0,0.0,7.1206889152526855,0.0
34304,712,31,4.639999999999999,13.641661167144775,False,0,0.0,6.896026611328125,0.0
34352,713,48,10.75,32.57286500930786,False,0,0.0,6.913502216339111,0.0
34380,714,28,8.12,10.390254020690918,False,0,0.0,7.061590671539307,0.0
34430,715,50,10.659999999999998,19.364454746246338,False,0,0.0,7.108854293823242,0.0
34450,716,20,6.56,11.623863697052002,False,0,0.0,7.177383899688721,0.0
34477,717,27,8.999999999999996,8.660019397735596,False,0,0.0,7.039564609527588,0.0
34509,718,32,12.0,10.74343991279602,True,0,0.0,7.067898273468018,0.0
34532,719,23,8.18,6.365840435028076,False,0,0.0,7.101648807525635,0.0
34556,720,24,6.52,12.501936197280884,False,0,0.0,7.155150890350342,0.0
34602,721,46,7.999999999999998,19.431054830551147,False,0,0.0,7.201935291290283,0.0
34627,722,25,10.0,13.385308504104614,False,0,0.0,7.001039505004883,0.0
34664,723,37,6.0,15.593233108520508,False,0,0.0,6.901599407196045,0.0
34760,724,96,2.24,77.05430388450623,False,0,0.0,6.8625946044921875,0.0
34799,725,39,6.67,15.786216497421265,False,0,0.0,7.06682825088501,0.0
34828,726,29,8.37,14.968144655227661,False,0,0.0,6.91080904006958,0.0
34865,727,37,10.39,20.43345308303833,False,0,0.0,7.135043621063232,0.0
34909,728,44,12.000000000000002,18.01126980781555,True,0,0.0,7.185266971588135,0.0
34968,729,59,10.120000000000001,25.30368399620056,False,0,0.0,7.049527168273926,0.0
35029,730,61,15.999999999999993,194.02054858207703,False,0,0.0,7.024094104766846,0.0
35107,731,78,12.0,63.32165026664734,True,0,0.0,7.086806774139404,0.0
35160,732,53,8.150000000000002,28.440425157546997,False,0,0.0,7.0937886238098145,0.0
35207,733,47,6.339999999999999,27.97174096107483,False,0,0.0,7.124468803405762,0.0
35241,734,34,4.52,13.529718160629272,False,0,0.0,7.10851526260376,0.0
35275,735,34,12.0,11.064373016357422,True,0,0.0,7.236913204193115,0.0
35318,736,43,12.0,16.24290180206299,True,0,0.0,7.077810287475586,0.0
35378,737,60,10.480000000000008,37.80577301979065,False,0,0.0,7.185086727142334,0.0
35401,738,23,4.93,8.37993597984314,False,0,0.0,7.132458686828613,0.0
35432,739,31,6.349999999999999,10.569895029067993,False,0,0.0,7.159272193908691,0.0
35465,740,33,11.999999999999998,15.25567626953125,True,0,0.0,7.021391868591309,0.0
35490,741,25,4.0,8.439215183258057,False,0,0.0,7.035890579223633,0.0
35547,742,57,12.0,36.49966883659363,True,0,0.0,6.951850414276123,0.0
35578,743,31,8.290000000000003,12.98323392868042,False,0,0.0,6.932255744934082,0.0
35608,744,30,6.16,12.836677312850952,False,0,0.0,7.064427852630615,0.0
35701,745,93,12.0,75.59271621704102,True,0,0.0,7.132078170776367,0.0
35775,746,74,10.21,50.21588468551636,False,0,0.0,7.065444469451904,0.0
35801,747,26,6.0,8.650266885757446,False,0,0.0,6.947085857391357,0.0
35842,748,41,11.999999999999996,14.731635808944702,True,0,0.0,7.109554767608643,0.0
35877,749,35,4.82,19.68080711364746,False,0,0.0,7.037458896636963,0.0
35913,750,36,10.47,14.041279077529907,False,0,0.0,6.886961460113525,0.0
35941,751,28,8.31,10.739113092422485,False,0,0.0,7.03594970703125,0.0
35978,752,37,8.36,12.855036973953247,False,0,0.0,7.008738994598389,0.0
36062,753,84,12.96,286.3759527206421,False,0,0.0,7.097827911376953,0.0
36093,754,31,6.0,11.94593071937561,False,0,0.0,7.000139236450195,0.0
36125,755,32,9.999999999999998,9.823599576950073,False,0,0.0,7.0930094718933105,0.0
36153,756,28,12.0,16.562845945358276,True,0,0.0,7.157289981842041,0.0
36189,757,36,8.16,18.718620538711548,False,0,0.0,7.152167320251465,0.0
36217,758,28,12.0,10.0737144947052,True,0,0.0,6.923069477081299,0.0
36259,759,42,10.52,15.218597888946533,False,0,0.0,6.625497817993164,0.0
36300,760,41,12.0,25.151895999908447,True,0,0.0,7.086165904998779,0.0
36339,761,39,7.06,18.410164833068848,False,0,0.0,7.039118766784668,0.0
36395,762,56,8.18,26.0090970993042,False,0,0.0,7.068534851074219,0.0
36429,763,34,12.0,23.632628440856934,True,0,0.0,6.970625877380371,0.0
36495,764,66,8.819999999999997,29.30224919319153,False,0,0.0,7.056873321533203,0.0
36577,765,82,4.28,54.937140464782715,False,0,0.0,6.987644195556641,0.0
36604,766,27,12.000000000000002,11.721110582351685,True,0,0.0,7.205106735229492,0.0
36626,767,22,8.41,8.592466592788696,False,0,0.0,7.0110321044921875,0.0
36654,768,28,6.6499999999999995,11.71239686012268,False,0,0.0,7.146199703216553,0.0
36686,769,32,9.999999999999996,15.146643877029419,False,0,0.0,7.003669738769531,0.0
36720,770,34,4.499999999999999,16.461137056350708,False,0,0.0,7.030637741088867,0.0
36749,771,29,7.029999999999999,12.964491844177246,False,0,0.0,7.011625289916992,0.0
36784,772,35,12.0,20.40952205657959,True,0,0.0,7.090495586395264,0.0
36820,773,36,11.999999999999998,14.425106287002563,True,0,0.0,6.961104393005371,0.0
36935,774,115,10.0,99.30887365341187,False,0,0.0,7.111881732940674,0.0
36986,775,51,4.95,18.65184187889099,False,0,0.0,7.104310512542725,0.0
37033,776,47,8.34,207.52828192710876,False,0,0.0,7.100572109222412,0.0
37129,777,96,8.970000000000004,76.40889525413513,False,0,0.0,7.070831298828125,0.0
37164,778,35,10.28,11.752558946609497,False,0,0.0,7.000432968139648,0.0
37194,779,30,12.000000000000004,11.647467613220215,True,0,0.0,7.0989813804626465,0.0
37259,780,65,7.199999999999999,33.06343913078308,False,0,0.0,7.042171478271484,0.0
37289,781,30,6.51,9.123866081237793,False,0,0.0,7.082508087158203,0.0
37335,782,46,12.0,23.479072332382202,True,0,0.0,7.155824661254883,0.0
37376,783,41,10.840000000000003,16.966508865356445,False,0,0.0,6.9700140953063965,0.0
37405,784,29,8.24,13.54701018333435,False,0,0.0,6.935168266296387,0.0
37439,785,34,6.24,10.918992042541504,False,0,0.0,7.128635406494141,0.0
37462,786,23,8.0,6.289892673492432,False,0,0.0,6.991534233093262,0.0
37500,787,38,7.359999999999999,15.755198955535889,False,0,0.0,7.016557693481445,0.0
37527,788,27,12.0,11.279391527175903,True,0,0.0,7.040901184082031,0.0
37598,789,71,8.640000000000002,47.577934980392456,False,0,0.0,7.0675787925720215,0.0
37640,790,42,6.739999999999999,15.921947717666626,False,0,0.0,6.986292839050293,0.0
37669,791,29,12.0,10.302162408828735,True,0,0.0,7.056119441986084,0.0
37725,792,56,6.16,35.6891610622406,False,0,0.0,7.008971214294434,0.0
37767,793,42,8.0,27.125544548034668,False,0,0.0,6.972202301025391,0.0
37813,794,46,6.97,19.385009288787842,False,0,0.0,7.001989364624023,0.0
37848,795,35,4.75,16.927162408828735,False,0,0.0,7.116927146911621,0.0
37879,796,31,4.09,10.34400200843811,False,0,0.0,6.9834489822387695,0.0
37935,797,56,6.0,32.46988034248352,False,0,0.0,7.050668239593506,0.0
37986,798,51,8.3,38.83585834503174,False,0,0.0,6.857366561889648,0.0
38056,799,70,15.56,187.7907838821411,False,0,0.0,7.130406856536865,0.0
38083,800,27,4.150000000000001,14.269328594207764,False,0,0.0,6.875281810760498,0.0
38120,801,37,6.85,17.4452645778656,False,0,0.0,7.081857204437256,0.0
38176,802,56,12.0,31.9778470993042,True,0,0.0,6.93731689453125,0.0
38223,803,47,12.0,23.89392328262329,True,0,0.0,7.243001937866211,0.0
38260,804,37,12.0,18.830199718475342,True,0,0.0,7.084832191467285,0.0
38288,805,28,4.48,9.746221780776978,False,0,0.0,7.156954765319824,0.0
38326,806,38,8.29,15.19577670097351,False,0,0.0,6.81333589553833,0.0
38356,807,30,4.8500000000000005,17.247230052947998,False,0,0.0,7.181002616882324,0.0
38401,808,45,5.999999999999999,22.59157681465149,False,0,0.0,7.177110195159912,0.0
38446,809,45,6.740000000000001,18.98686671257019,False,0,0.0,6.944299697875977,0.0
38497,810,51,8.0,30.620871782302856,False,0,0.0,7.1707000732421875,0.0
38548,811,51,10.68,19.4470796585083,False,0,0.0,7.132678985595703,0.0
38584,812,36,12.000000000000002,17.90571880340576,True,0,0.0,7.164710521697998,0.0
38618,813,34,4.529999999999999,13.347139596939087,False,0,0.0,6.949300765991211,0.0
38648,814,30,2.82,17.612753868103027,False,0,0.0,7.15846061706543,0.0
38676,815,28,8.92,8.354591846466064,False,0,0.0,7.156874656677246,0.0
38714,816,38,6.000000000000002,14.488075494766235,False,0,0.0,6.980172157287598,0.0
38748,817,34,6.06,12.998097896575928,False,0,0.0,7.180942535400391,0.0
38795,818,47,10.7,21.6361083984375,False,0,0.0,7.143226146697998,0.0
38834,819,39,6.449999999999999,22.86637592315674,False,0,0.0,6.903154373168945,0.0
38879,820,45,10.93,16.912313222885132,False,0,0.0,7.087843418121338,0.0
38906,821,27,2.4299999999999997,8.582680225372314,False,0,0.0,7.108850955963135,0.0
38958,822,52,10.37,27.36435031890869,False,0,0.0,7.114011287689209,0.0
38984,823,26,8.97,10.021098613739014,False,0,0.0,6.982743263244629,0.0
39080,824,96,14.809999999999999,308.33025097846985,False,0,0.0,6.958146095275879,0.0
39120,825,40,4.3100000000000005,19.499468564987183,False,0,0.0,7.049965858459473,0.0
39158,826,38,8.0,14.037038087844849,False,0,0.0,7.13176965713501,0.0
39193,827,35,12.0,21.5890793800354,True,0,0.0,7.077303886413574,0.0
39217,828,24,4.59,8.94200348854065,False,0,0.0,7.041357040405273,0.0
39257,829,40,8.349999999999998,14.56811261177063,False,0,0.0,6.914956569671631,0.0
39286,830,29,4.11,10.84524154663086,False,0,0.0,7.011594295501709,0.0
39301,831,15,0.43000000000000005,11.50004529953003,False,0,0.0,7.214493274688721,0.0
39344,832,43,6.359999999999999,22.710236072540283,False,0,0.0,7.203949451446533,0.0
39370,833,26,6.1899999999999995,8.998097658157349,False,0,0.0,7.0342793464660645,0.0
39407,834,37,6.109999999999999,12.867683172225952,False,0,0.0,7.092070579528809,0.0
39466,835,59,6.53,24.76604413986206,False,0,0.0,7.055567741394043,0.0
39505,836,39,6.840000000000001,19.785645484924316,False,0,0.0,7.034161567687988,0.0
39607,837,102,8.200000000000003,78.80560898780823,False,0,0.0,7.058555603027344,0.0
39628,838,21,4.18,6.713531494140625,False,0,0.0,6.995477676391602,0.0
39729,839,101,12.000000000000004,77.55048060417175,True,0,0.0,7.07940149307251,0.0
39754,840,25,12.000000000000002,8.193336486816406,True,0,0.0,6.886509418487549,0.0
39802,841,48,12.000000000000002,18.753867387771606,True,0,0.0,6.903347015380859,0.0
39837,842,35,4.15,19.39962148666382,False,0,0.0,7.126311302185059,0.0
39877,843,40,10.290000000000003,18.60079550743103,False,0,0.0,6.964256286621094,0.0
39918,844,41,12.0,24.19142770767212,True,0,0.0,7.032732009887695,0.0
39959,845,41,2.21,25.591785192489624,False,0,0.0,7.093808174133301,0.0
39996,846,37,6.43,15.356622695922852,False,0,0.0,7.048043251037598,0.0
40028,847,32,6.67,197.39294004440308,False,0,0.0,6.947665691375732,0.0
40065,848,37,10.54,19.269402503967285,False,0,0.0,7.0273518562316895,0.0
40103,849,38,11.999999999999998,18.745160341262817,True,0,0.0,7.2363691329956055,0.0
40193,850,90,8.320000000000002,68.18159484863281,False,0,0.0,7.115361213684082,0.0
40228,851,35,6.949999999999999,11.79017949104309,False,0,0.0,7.093689441680908,0.0
40266,852,38,2.73,18.739109992980957,False,0,0.0,7.141672611236572,0.0
40299,853,33,6.929999999999999,14.718013286590576,False,0,0.0,7.044610023498535,0.0
40332,854,33,8.200000000000001,12.530537128448486,False,0,0.0,7.069822311401367,0.0
40367,855,35,6.6000000000000005,10.994854211807251,False,0,0.0,6.921862602233887,0.0
40405,856,38,8.620000000000001,13.61424994468689,False,0,0.0,7.205938339233398,0.0
40436,857,31,11.999999999999998,10.07710862159729,True,0,0.0,7.089901447296143,0.0
40474,858,38,12.0,29.41295337677002,True,0,0.0,6.993799686431885,0.0
40499,859,25,5.14,9.617120265960693,False,0,0.0,7.1191229820251465,0.0
40528,860,29,3.33,10.558926582336426,False,0,0.0,7.048002243041992,0.0
40576,861,48,11.999999999999996,20.858707427978516,True,0,0.0,6.951146125793457,0.0
40605,862,29,4.909999999999999,16.50188112258911,False,0,0.0,7.111332416534424,0.0
40635,863,30,8.0,8.754507064819336,False,0,0.0,7.102563858032227,0.0
40661,864,26,4.919999999999999,7.395585060119629,False,0,0.0,7.017429828643799,0.0
40683,865,22,4.38,6.736328601837158,False,0,0.0,7.002564907073975,0.0
40754,866,71,6.920000000000001,50.5648467540741,False,0,0.0,7.0662078857421875,0.0
40817,867,63,10.28,32.04347014427185,False,0,0.0,7.017773151397705,0.0
40846,868,29,2.83,11.762840509414673,False,0,0.0,6.985487937927246,0.0
40916,869,70,10.150000000000002,49.40707492828369,False,0,0.0,7.161163330078125,0.0
40944,870,28,10.85,8.797813653945923,False,0,0.0,7.2155656814575195,0.0
40990,871,46,8.249999999999998,16.768682718276978,False,0,0.0,7.051875114440918,0.0
41038,872,48,14.29,269.50069403648376,False,0,0.0,7.179533958435059,0.0
41082,873,44,6.46,22.041189908981323,False,0,0.0,7.123174667358398,0.0
41120,874,38,10.899999999999997,23.27071189880371,False,0,0.0,7.071358680725098,0.0
41147,875,27,10.729999999999999,8.219764232635498,False,0,0.0,7.039345741271973,0.0
41211,876,64,10.000000000000002,28.56629204750061,False,0,0.0,7.012170791625977,0.0
41241,877,30,4.42,9.704190969467163,False,0,0.0,7.007122039794922,0.0
41268,878,27,8.25,14.150166749954224,False,0,0.0,7.169358253479004,0.0
41297,879,29,6.88,16.288044691085815,False,0,0.0,6.81718635559082,0.0
41330,880,33,6.17,10.85268259048462,False,0,0.0,7.111213207244873,0.0
41350,881,20,8.9,5.925565481185913,False,0,0.0,7.12693452835083,0.0
41448,882,98,12.000000000000007,77.81837916374207,True,0,0.0,7.162522792816162,0.0
41506,883,58,12.0,30.197951316833496,True,0,0.0,7.079098224639893,0.0
41534,884,28,6.379999999999998,9.38591980934143,False,0,0.0,7.129255294799805,0.0
41596,885,62,6.0,33.94554662704468,False,0,0.0,7.009832382202148,0.0
41626,886,30,6.619999999999999,9.934220314025879,False,0,0.0,6.923103332519531,0.0
41671,887,45,5.999999999999998,24.367196559906006,False,0,0.0,6.759511947631836,0.0
41699,888,28,8.35,9.039210796356201,False,0,0.0,7.170576095581055,0.0
41779,889,80,8.880000000000003,54.05332922935486,False,0,0.0,7.105564594268799,0.0
41829,890,50,7.999999999999999,26.38543152809143,False,0,0.0,7.033774375915527,0.0
41865,891,36,0.09999999999999998,15.562640190124512,False,0,0.0,6.929019451141357,0.0
41895,892,30,12.0,12.203800201416016,True,0,0.0,7.05417013168335,0.0
41951,893,56,12.0,31.055691719055176,True,0,0.0,7.059627532958984,0.0
41977,894,26,8.22,7.220546722412109,False,0,0.0,7.087977886199951,0.0
42040,895,63,10.6,211.58735013008118,False,0,0.0,7.096630096435547,0.0
42067,896,27,4.17,9.037562847137451,False,0,0.0,7.0841288566589355,0.0
42092,897,25,12.0,9.397111415863037,True,0,0.0,7.120668411254883,0.0
42124,898,32,11.999999999999998,12.210190057754517,True,0,0.0,6.975085735321045,0.0
42151,899,27,6.5600000000000005,11.159865140914917,False,0,0.0,7.063587188720703,0.0
42176,900,25,2.88,14.568860530853271,False,0,0.0,7.201904296875,0.0
42244,901,68,6.75,39.7903892993927,False,0,0.0,6.97650146484375,0.0
42275,902,31,10.65,9.637837886810303,False,0,0.0,7.068338871002197,0.0
42320,903,45,6.910000000000001,25.73123574256897,False,0,0.0,7.189784049987793,0.0
42347,904,27,6.709999999999999,10.271195888519287,False,0,0.0,6.982241630554199,0.0
42407,905,60,12.0,26.358091831207275,True,0,0.0,6.833021640777588,0.0
42435,906,28,10.000000000000002,17.893194913864136,False,0,0.0,7.044524192810059,0.0
42473,907,38,10.000000000000002,21.636210441589355,False,0,0.0,7.1068902015686035,0.0
42505,908,32,11.999999999999998,12.84432053565979,True,0,0.0,7.105853080749512,0.0
42538,909,33,10.000000000000002,11.3537437915802,False,0,0.0,7.157839298248291,0.0
42572,910,34,6.890000000000001,13.329735517501831,False,0,0.0,7.099030494689941,0.0
42619,911,47,12.0,27.98658013343811,True,0,0.0,7.019516944885254,0.0
42648,912,29,4.8999999999999995,11.114046573638916,False,0,0.0,7.040450096130371,0.0
42680,913,32,12.0,12.465210199356079,True,0,0.0,7.037052631378174,0.0
42732,914,52,6.0,38.57767724990845,False,0,0.0,7.083730697631836,0.0
42760,915,28,0.9400000000000002,10.309280395507812,False,0,0.0,7.0983476638793945,0.0
42787,916,27,2.2199999999999998,9.251785039901733,False,0,0.0,7.0934858322143555,0.0
42816,917,29,10.17,10.673668146133423,False,0,0.0,7.053861141204834,0.0
42877,918,61,8.359999999999998,25.604544401168823,False,0,0.0,6.9715118408203125,0.0
42940,919,63,8.399999999999999,44.78418254852295,False,0,0.0,7.005209922790527,0.0
42993,920,53,10.21,28.756873846054077,False,0,0.0,7.042596817016602,0.0
43033,921,40,8.819999999999999,229.36654472351074,False,0,0.0,6.9515533447265625,0.0
43066,922,33,10.48,11.950185298919678,False,0,0.0,7.118193626403809,0.0
43116,923,50,6.72,25.150197505950928,False,0,0.0,7.002650260925293,0.0
43131,924,15,2.52,4.165946960449219,False,0,0.0,7.051650047302246,0.0
43159,925,28,4.770000000000001,9.336545467376709,False,0,0.0,6.9170403480529785,0.0
43193,926,34,10.19,17.21338725090027,False,0,0.0,7.069756984710693,0.0
43241,927,48,10.709999999999997,19.68938636779785,False,0,0.0,7.109349727630615,0.0
43269,928,28,11.999999999999998,15.935331583023071,True,0,0.0,7.096643924713135,0.0
43293,929,24,2.48,8.79658579826355,False,0,0.0,7.087724685668945,0.0
43384,930,91,12.000000000000005,66.51968431472778,True,0,0.0,7.018991470336914,0.0
43418,931,34,8.19,17.99166250228882,False,0,0.0,6.870070934295654,0.0
43454,932,36,0.77,22.57892680168152,False,0,0.0,7.116365432739258,0.0
43535,933,81,6.920000000000002,58.668365478515625,False,0,0.0,7.059730052947998,0.0
43564,934,29,8.26,10.34292221069336,False,0,0.0,7.168994426727295,0.0
43623,935,59,12.0,36.11669898033142,True,0,0.0,7.10380744934082,0.0
43668,936,45,8.489999999999998,23.120654582977295,False,0,0.0,7.21000337600708,0.0
43715,937,47,12.0,20.016183853149414,True,0,0.0,7.110233306884766,0.0
43798,938,83,8.86,64.87090349197388,False,0,0.0,7.046819686889648,0.0
43873,939,75,12.0,44.68694806098938,True,0,0.0,7.030900955200195,0.0
43897,940,24,6.379999999999999,12.819154739379883,False,0,0.0,6.999906539916992,0.0
43960,941,63,10.5,47.23518991470337,False,0,0.0,7.207461833953857,0.0
44061,942,101,16.139999999999986,276.7903118133545,False,0,0.0,6.9715166091918945,0.0
44194,943,133,12.0,139.62623071670532,True,0,0.0,7.0611162185668945,0.0
44219,944,25,2.0,10.967314004898071,False,0,0.0,6.87516975402832,0.0
44248,945,29,12.0,12.874366998672485,True,0,0.0,7.059391975402832,0.0
44275,946,27,6.94,7.983028411865234,False,0,0.0,6.967382431030273,0.0
44325,947,50,12.0,27.86467719078064,True,0,0.0,6.967563629150391,0.0
44353,948,28,2.96,11.843338251113892,False,0,0.0,7.011380195617676,0.0
44386,949,33,4.8100000000000005,11.734424591064453,False,0,0.0,7.065019607543945,0.0
44427,950,41,6.3,17.69610333442688,False,0,0.0,7.0796122550964355,0.0
44476,951,49,10.219999999999995,33.56356358528137,False,0,0.0,7.11737060546875,0.0
44519,952,43,12.0,15.81940245628357,True,0,0.0,7.117769241333008,0.0
44543,953,24,2.7999999999999994,7.409071207046509,False,0,0.0,7.159223556518555,0.0
44573,954,30,12.000000000000002,11.904791355133057,True,0,0.0,7.097593784332275,0.0
44602,955,29,8.71,9.48719334602356,False,0,0.0,7.152586460113525,0.0
44626,956,24,12.0,13.782057285308838,True,0,0.0,7.097030162811279,0.0
44669,957,43,8.869999999999997,17.400032997131348,False,0,0.0,7.045196533203125,0.0
44691,958,22,4.0,7.08908748626709,False,0,0.0,7.088634967803955,0.0
44714,959,23,2.76,7.2558417320251465,False,0,0.0,6.984233379364014,0.0
44744,960,30,12.000000000000002,11.070197105407715,True,0,0.0,7.149173259735107,0.0
44778,961,34,6.319999999999999,23.271079778671265,False,0,0.0,6.911186218261719,0.0
44801,962,23,2.62,7.200000286102295,False,0,0.0,7.001789093017578,0.0
44883,963,82,12.000000000000002,49.17361283302307,True,0,0.0,7.128851413726807,0.0
44975,964,92,2.91,77.2138044834137,False,0,0.0,7.058526992797852,0.0
45019,965,44,8.700000000000001,247.22493529319763,False,0,0.0,6.844793319702148,0.0
45041,966,22,6.350000000000001,5.290857791900635,False,0,0.0,7.062212944030762,0.0
45071,967,30,12.000000000000004,8.083094835281372,True,0,0.0,7.032991886138916,0.0
45153,968,82,6.000000000000003,44.802326679229736,False,0,0.0,6.994880199432373,0.0
45187,969,34,8.87,9.536904573440552,False,0,0.0,7.099338054656982,0.0
45214,970,27,4.79,7.3412086963653564,False,0,0.0,7.0896315574646,0.0
45254,971,40,12.000000000000002,12.223339796066284,True,0,0.0,7.0891194343566895,0.0
45283,972,29,6.0,7.7787933349609375,False,0,0.0,7.123647212982178,0.0
45319,973,36,11.999999999999998,10.243679761886597,True,0,0.0,7.131645202636719,0.0
45350,974,31,11.999999999999998,14.054859638214111,True,0,0.0,7.14678430557251,0.0
45379,975,29,12.0,7.928814649581909,True,0,0.0,6.649261474609375,0.0
45411,976,32,6.0,9.154777765274048,False,0,0.0,6.996673107147217,0.0
45433,977,22,4.55,5.33555006980896,False,0,0.0,7.068158149719238,0.0
45494,978,61,12.0,23.11057162284851,True,0,0.0,6.949957370758057,0.0
45537,979,43,8.83,13.08584451675415,False,0,0.0,7.054139614105225,0.0
45563,980,26,8.0,7.354383230209351,False,0,0.0,6.970057487487793,0.0
45597,981,34,8.29,9.622535943984985,False,0,0.0,7.014299392700195,0.0
45656,982,59,6.28,35.17859959602356,False,0,0.0,6.954675674438477,0.0
45690,983,34,11.999999999999998,10.691713571548462,True,0,0.0,7.125870227813721,0.0
45715,984,25,4.0,8.622782945632935,False,0,0.0,7.040680885314941,0.0
45775,985,60,6.000000000000001,33.06009340286255,False,0,0.0,7.189757347106934,0.0
45811,986,36,4.299999999999999,14.220566034317017,False,0,0.0,7.064218044281006,0.0
45848,987,37,12.0,15.29853105545044,True,0,0.0,7.023090839385986,0.0
45869,988,21,0.08999999999999997,9.69143033027649,False,0,0.0,7.016693115234375,0.0
45900,989,31,10.8,17.14427137374878,False,0,0.0,7.072037220001221,0.0
45945,990,45,10.459999999999999,18.291910886764526,False,0,0.0,7.047104835510254,0.0
45982,991,37,12.0,12.682471990585327,True,0,0.0,7.084776878356934,0.0
