total_steps,episode,episode_steps,episode_reward,episode_time,win,timestamp,repeated,intrinsic_reward,loss,epsilon
31,1,31,-1.0,5.447555065155029,False,2025-10-25 13:48:21,0,0.0,,
64,2,33,-1.0,4.23005747795105,False,2025-10-25 13:48:26,0,0.0,65.36093139648438,0.99937063
111,3,47,-1.0,6.3209168910980225,False,2025-10-25 13:48:32,0,0.0,10.303583145141602,0.9989011
146,4,35,-1.0,4.683470964431763,False,2025-10-25 13:48:37,0,0.0,11.120287895202637,0.99855145
181,5,35,-1.0,6.285883665084839,False,2025-10-25 13:48:44,0,0.0,16.10523223876953,0.9982018
217,6,36,-1.0,6.1631879806518555,False,2025-10-25 13:48:51,0,0.0,114.81175994873047,0.99784216
247,7,30,-1.0,4.82207989692688,False,2025-10-25 13:48:57,0,0.0,179.84982299804688,0.99754246
297,8,50,-1.0,10.180014371871948,False,2025-10-25 13:49:08,0,0.0,494.2098083496094,0.99704296
321,9,24,-1.0,3.390005588531494,False,2025-10-25 13:49:12,0,0.0,149.23243713378906,0.9968032
340,10,19,-1.0,2.722712516784668,False,2025-10-25 13:49:15,0,0.0,184.94000244140625,0.99661339
375,11,35,-1.0,6.302920579910278,False,2025-10-25 13:49:22,0,0.0,302.0986633300781,0.99626374
419,12,44,-1.0,10.306212663650513,False,2025-10-25 13:49:34,0,0.0,370.05291748046875,0.99582418
445,13,26,-1.0,4.940937757492065,False,2025-10-25 13:49:39,0,0.0,236.65756225585938,0.99556444
480,14,35,-1.0,6.553410768508911,False,2025-10-25 13:49:47,0,0.0,435.98663330078125,0.99521479
521,15,41,-1.0,7.337188005447388,False,2025-10-25 13:49:55,0,0.0,591.371826171875,0.9948052000000001
549,16,28,-1.0,3.6049323081970215,False,2025-10-25 13:49:59,0,0.0,987.7941284179688,0.99452548
573,17,24,-1.0,3.103584051132202,False,2025-10-25 13:50:03,0,0.0,1072.956298828125,0.99428572
636,18,63,1.0,13.509677410125732,True,2025-10-25 13:50:17,0,0.0,1251.759033203125,0.99365635
701,19,65,-1.0,13.76134204864502,False,2025-10-25 13:50:31,0,0.0,1934.94384765625,0.993007
729,20,28,-1.0,3.8250186443328857,False,2025-10-25 13:50:36,0,0.0,2020.6241455078125,0.99272728
782,21,53,1.0,9.040918111801147,True,2025-10-25 13:50:45,0,0.0,3214.998046875,0.99219781
812,22,30,-1.0,3.905881643295288,False,2025-10-25 13:50:50,0,0.0,4580.7275390625,0.99189811
863,23,51,-1.0,9.10454511642456,False,2025-10-25 13:50:59,0,0.0,7179.7666015625,0.99138862
888,24,25,-1.0,3.1118733882904053,False,2025-10-25 13:51:03,0,0.0,9524.42578125,0.99113887
930,25,42,-1.0,6.577806711196899,False,2025-10-25 13:51:10,0,0.0,20467.759765625,0.99071929
958,26,28,-1.0,3.733639717102051,False,2025-10-25 13:51:15,0,0.0,18342.3515625,0.99043957
1000,27,42,-1.0,63.88011717796326,False,2025-10-25 13:51:24,0,0.0,23650.388671875,0.99001999
1025,28,25,-1.0,3.976381301879883,False,2025-10-25 13:52:24,0,0.0,22522.47265625,0.98977024
1065,29,40,-1.0,6.782723903656006,False,2025-10-25 13:52:32,0,0.0,33401.96484375,0.98937064
1098,30,33,-1.0,5.987546682357788,False,2025-10-25 13:52:38,0,0.0,45462.4921875,0.98904097
1126,31,28,-1.0,4.848076820373535,False,2025-10-25 13:52:45,0,0.0,63678.46484375,0.98876125
1163,32,37,-1.0,6.948980331420898,False,2025-10-25 13:52:52,0,0.0,86337.2890625,0.98839162
1185,33,22,-1.0,2.792166233062744,False,2025-10-25 13:52:56,0,0.0,64843.19140625,0.98817184
1220,34,35,1.0,5.610203981399536,True,2025-10-25 13:53:02,0,0.0,82520.5859375,0.98782219
1245,35,25,-1.0,4.799140930175781,False,2025-10-25 13:53:08,0,0.0,88002.8359375,0.98757244
1274,36,29,-1.0,5.599410772323608,False,2025-10-25 13:53:14,0,0.0,120841.59375,0.98728273
1296,37,22,-1.0,5.477162599563599,False,2025-10-25 13:53:21,0,0.0,143905.84375,0.98706295
1331,38,35,-1.0,9.265967845916748,False,2025-10-25 13:53:32,0,0.0,245358.25,0.9867133
1358,39,27,-1.0,5.673288106918335,False,2025-10-25 13:53:39,0,0.0,255803.53125,0.98644357
1386,40,28,-1.0,5.824169635772705,False,2025-10-25 13:53:46,0,0.0,180108.0625,0.98616385
1408,41,22,-1.0,4.0773704051971436,False,2025-10-25 13:53:51,0,0.0,275711.875,0.98594407
1442,42,34,-1.0,6.194216251373291,False,2025-10-25 13:53:58,0,0.0,203980.140625,0.98560441
1484,43,42,-1.0,8.590579509735107,False,2025-10-25 13:54:07,0,0.0,281150.59375,0.98518483
1530,44,46,-1.0,8.926324367523193,False,2025-10-25 13:54:17,0,0.0,595083.0,0.98472529
1598,45,68,1.0,17.06814217567444,True,2025-10-25 13:54:35,0,0.0,359198.5,0.98404597
1636,46,38,-1.0,6.247312307357788,False,2025-10-25 13:54:42,0,0.0,628711.625,0.98366635
1686,47,50,-1.0,13.684406518936157,False,2025-10-25 13:54:56,0,0.0,963875.5625,0.98316685
1771,48,85,-1.0,22.67741584777832,False,2025-10-25 13:55:20,0,0.0,1306143.0,0.9823177
1802,49,31,-1.0,4.19348406791687,False,2025-10-25 13:55:25,0,0.0,690288.0,0.98200801
1819,50,17,-1.0,2.1612868309020996,False,2025-10-25 13:55:28,0,0.0,1040076.0,0.98183818
1868,51,49,-1.0,8.438295841217041,False,2025-10-25 13:55:38,0,0.0,1379880.75,0.98134867
1890,52,22,-1.0,2.3241474628448486,False,2025-10-25 13:55:41,0,0.0,1097022.75,0.98112889
1924,53,34,-1.0,4.614686965942383,False,2025-10-25 13:55:47,0,0.0,1124149.5,0.98078923
2038,54,114,-1.0,86.1522855758667,False,2025-10-25 13:57:14,0,0.0,2648646.5,0.97965037
2080,55,42,-1.0,6.767498016357422,False,2025-10-25 13:57:21,0,0.0,1831919.25,0.97923079
2107,56,27,-1.0,3.597963809967041,False,2025-10-25 13:57:26,0,0.0,1339997.75,0.97896106
2130,57,23,-1.0,3.082284927368164,False,2025-10-25 13:57:29,0,0.0,2514000.0,0.97873129
2182,58,52,-1.0,9.606616973876953,False,2025-10-25 13:57:40,0,0.0,3475942.75,0.97821181
2214,59,32,-1.0,4.542928457260132,False,2025-10-25 13:57:45,0,0.0,2712003.0,0.97789213
2246,60,32,-1.0,3.9547202587127686,False,2025-10-25 13:57:50,0,0.0,3499911.5,0.97757245
2273,61,27,-1.0,3.579995632171631,False,2025-10-25 13:57:54,0,0.0,3836895.25,0.97730272
2337,62,64,1.0,13.041725873947144,True,2025-10-25 13:58:07,0,0.0,4195738.0,0.97666336
2375,63,38,-1.0,5.929566383361816,False,2025-10-25 13:58:14,0,0.0,25607484.0,0.97628374
2431,64,56,1.0,10.13562560081482,True,2025-10-25 13:58:25,0,0.0,14728002.0,0.9757243
2457,65,26,-1.0,3.5349864959716797,False,2025-10-25 13:58:29,0,0.0,18285966.0,0.97546456
2498,66,41,1.0,6.555346488952637,True,2025-10-25 13:58:36,0,0.0,28301844.0,0.97505497
2527,67,29,-1.0,3.930739164352417,False,2025-10-25 13:58:41,0,0.0,34083104.0,0.97476526
2556,68,29,-1.0,3.8326263427734375,False,2025-10-25 13:58:45,0,0.0,36448272.0,0.97447555
2625,69,69,-1.0,15.175983905792236,False,2025-10-25 13:59:01,0,0.0,35252508.0,0.97378624
2753,70,128,-1.0,47.08019304275513,False,2025-10-25 13:59:49,0,0.0,29942840.0,0.97250752
2789,71,36,-1.0,6.607426404953003,False,2025-10-25 13:59:56,0,0.0,38717976.0,0.97214788
2827,72,38,-1.0,6.956251382827759,False,2025-10-25 14:00:04,0,0.0,26546636.0,0.97176826
2861,73,34,-1.0,4.6287760734558105,False,2025-10-25 14:00:09,0,0.0,37186064.0,0.9714286
2894,74,33,-1.0,4.616370439529419,False,2025-10-25 14:00:15,0,0.0,36844748.0,0.97109893
2916,75,22,-1.0,2.984187602996826,False,2025-10-25 14:00:18,0,0.0,37454588.0,0.97087915
2954,76,38,-1.0,6.959045886993408,False,2025-10-25 14:00:26,0,0.0,64272068.0,0.97049953
3029,77,75,-1.0,69.38118577003479,False,2025-10-25 14:01:36,0,0.0,55446876.0,0.96975028
3056,78,27,-1.0,3.8935763835906982,False,2025-10-25 14:01:41,0,0.0,43527056.0,0.96948055
3082,79,26,-1.0,3.1062893867492676,False,2025-10-25 14:01:44,0,0.0,47937100.0,0.96922081
3109,80,27,-1.0,3.560703992843628,False,2025-10-25 14:01:49,0,0.0,47811408.0,0.96895108
3168,81,59,1.0,11.90143632888794,True,2025-10-25 14:02:01,0,0.0,52089116.0,0.96836167
3212,82,44,-1.0,6.614766836166382,False,2025-10-25 14:02:08,0,0.0,86971544.0,0.96792211
3245,83,33,-1.0,4.808664560317993,False,2025-10-25 14:02:14,0,0.0,118431512.0,0.96759244
3279,84,34,-1.0,5.447401285171509,False,2025-10-25 14:02:20,0,0.0,102377216.0,0.96725278
3320,85,41,-1.0,5.869812250137329,False,2025-10-25 14:02:26,0,0.0,126748176.0,0.96684319
3381,86,61,-1.0,11.776597499847412,False,2025-10-25 14:02:39,0,0.0,115898288.0,0.9662338
3419,87,38,-1.0,6.059231758117676,False,2025-10-25 14:02:45,0,0.0,58894900.0,0.96585418
3449,88,30,-1.0,4.0721845626831055,False,2025-10-25 14:02:50,0,0.0,162813232.0,0.96555448
3514,89,65,-1.0,13.071832418441772,False,2025-10-25 14:03:04,0,0.0,174808064.0,0.96490513
3559,90,45,-1.0,6.888775587081909,False,2025-10-25 14:03:11,0,0.0,180725152.0,0.96445558
3588,91,29,-1.0,3.473783016204834,False,2025-10-25 14:03:16,0,0.0,163710736.0,0.96416587
3629,92,41,-1.0,6.026662111282349,False,2025-10-25 14:03:22,0,0.0,170862208.0,0.96375628
3656,93,27,-1.0,3.143646478652954,False,2025-10-25 14:03:26,0,0.0,242387920.0,0.96348655
3684,94,28,1.0,3.297595977783203,True,2025-10-25 14:03:30,0,0.0,196706944.0,0.96320683
3713,95,29,-1.0,4.267465829849243,False,2025-10-25 14:03:35,0,0.0,287729664.0,0.96291712
3777,96,64,1.0,12.047173261642456,True,2025-10-25 14:03:48,0,0.0,240307456.0,0.96227776
3811,97,34,-1.0,4.973037004470825,False,2025-10-25 14:03:53,0,0.0,308800704.0,0.9619381
3854,98,43,1.0,6.422300100326538,True,2025-10-25 14:04:00,0,0.0,209248000.0,0.96150853
3897,99,43,-1.0,6.69722580909729,False,2025-10-25 14:04:08,0,0.0,920877056.0,0.96107896
3920,100,23,-1.0,3.402559757232666,False,2025-10-25 14:04:12,0,0.0,736751680.0,0.96084919
3950,101,30,-1.0,4.864444017410278,False,2025-10-25 14:04:18,0,0.0,434036160.0,0.96054949
3990,102,40,-1.0,6.939889192581177,False,2025-10-25 14:04:25,0,0.0,475041920.0,0.96014989
4025,103,35,-1.0,86.5287938117981,False,2025-10-25 14:05:53,0,0.0,571403392.0,0.95980024
4100,104,75,-1.0,21.142777919769287,False,2025-10-25 14:06:15,0,0.0,790444288.0,0.95905099
4135,105,35,-1.0,6.010131120681763,False,2025-10-25 14:06:21,0,0.0,542101248.0,0.95870134
4151,106,16,-1.0,1.7261910438537598,False,2025-10-25 14:06:24,0,0.0,587865600.0,0.9585415
4181,107,30,-1.0,5.031609058380127,False,2025-10-25 14:06:30,0,0.0,488378112.0,0.9582418
4218,108,37,-1.0,6.375659942626953,False,2025-10-25 14:06:37,0,0.0,719577088.0,0.95787217
4245,109,27,-1.0,4.019615650177002,False,2025-10-25 14:06:41,0,0.0,680847040.0,0.95760244
4290,110,45,-1.0,8.536996126174927,False,2025-10-25 14:06:51,0,0.0,643429184.0,0.95715289
4324,111,34,-1.0,5.5283098220825195,False,2025-10-25 14:06:57,0,0.0,1028960768.0,0.95681323
4356,112,32,-1.0,4.498695373535156,False,2025-10-25 14:07:02,0,0.0,764278528.0,0.95649355
4382,113,26,-1.0,3.127152919769287,False,2025-10-25 14:07:07,0,0.0,1111943040.0,0.95623381
4412,114,30,-1.0,4.443464517593384,False,2025-10-25 14:07:12,0,0.0,997582912.0,0.95593411
4446,115,34,-1.0,5.15826678276062,False,2025-10-25 14:07:19,0,0.0,797348224.0,0.95559445
4479,116,33,-1.0,5.015070915222168,False,2025-10-25 14:07:25,0,0.0,943740480.0,0.95526478
4529,117,50,-1.0,9.4755380153656,False,2025-10-25 14:07:35,0,0.0,830446720.0,0.95476528
4573,118,44,1.0,7.380149602890015,True,2025-10-25 14:07:44,0,0.0,921371648.0,0.95432572
4619,119,46,-1.0,7.836857795715332,False,2025-10-25 14:07:53,0,0.0,1313218048.0,0.95386618
4640,120,21,-1.0,2.3752408027648926,False,2025-10-25 14:07:56,0,0.0,1625887488.0,0.95365639
4679,121,39,-1.0,7.179922819137573,False,2025-10-25 14:08:04,0,0.0,1519227648.0,0.95326678
4728,122,49,-1.0,8.589190483093262,False,2025-10-25 14:08:13,0,0.0,1243264768.0,0.95277727
4783,123,55,-1.0,12.418864965438843,False,2025-10-25 14:08:26,0,0.0,2407260928.0,0.95222782
4834,124,51,-1.0,9.375343561172485,False,2025-10-25 14:08:36,0,0.0,2986399488.0,0.9517183300000001
4870,125,36,-1.0,5.481142997741699,False,2025-10-25 14:08:42,0,0.0,1708417024.0,0.95135869
4892,126,22,-1.0,2.480036735534668,False,2025-10-25 14:08:46,0,0.0,1756683648.0,0.95113891
4912,127,20,-1.0,2.2604055404663086,False,2025-10-25 14:08:49,0,0.0,2171985152.0,0.95093911
4940,128,28,-1.0,3.832341432571411,False,2025-10-25 14:08:54,0,0.0,1801677568.0,0.95065939
4965,129,25,-1.0,3.3350093364715576,False,2025-10-25 14:08:58,0,0.0,2388423936.0,0.95040964
4996,130,31,-1.0,4.487896680831909,False,2025-10-25 14:09:04,0,0.0,3893248256.0,0.95009995
5035,131,39,-1.0,83.75252842903137,False,2025-10-25 14:10:28,0,0.0,1619557888.0,0.94971034
5078,132,43,-1.0,8.682654619216919,False,2025-10-25 14:10:38,0,0.0,2872326144.0,0.94928077
5105,133,27,-1.0,3.634255886077881,False,2025-10-25 14:10:42,0,0.0,2896535552.0,0.94901104
5135,134,30,-1.0,5.015649318695068,False,2025-10-25 14:10:48,0,0.0,2914406144.0,0.94871134
5163,135,28,-1.0,4.582089900970459,False,2025-10-25 14:10:53,0,0.0,3705253632.0,0.94843162
5191,136,28,-1.0,4.0800676345825195,False,2025-10-25 14:10:58,0,0.0,4951805952.0,0.9481519
5225,137,34,-1.0,5.90291428565979,False,2025-10-25 14:11:05,0,0.0,3745173248.0,0.94781224
5268,138,43,1.0,6.750232696533203,True,2025-10-25 14:11:12,0,0.0,8116668416.0,0.94738267
5320,139,52,-1.0,9.407009601593018,False,2025-10-25 14:11:22,0,0.0,4206556928.0,0.94686319
5359,140,39,-1.0,6.805158853530884,False,2025-10-25 14:11:30,0,0.0,6783098368.0,0.94647358
5389,141,30,1.0,4.625755071640015,True,2025-10-25 14:11:35,0,0.0,3781484800.0,0.94617388
5415,142,26,-1.0,4.547940969467163,False,2025-10-25 14:11:41,0,0.0,4274509312.0,0.94591414
5469,143,54,-1.0,10.427950143814087,False,2025-10-25 14:11:52,0,0.0,9977954304.0,0.94537468
5501,144,32,-1.0,4.870803356170654,False,2025-10-25 14:11:57,0,0.0,9039642624.0,0.945055
5533,145,32,-1.0,4.545480012893677,False,2025-10-25 14:12:03,0,0.0,4532363264.0,0.94473532
5555,146,22,-1.0,2.556074619293213,False,2025-10-25 14:12:06,0,0.0,7267884032.0,0.94451554
5599,147,44,-1.0,7.800452470779419,False,2025-10-25 14:12:14,0,0.0,4160306432.0,0.94407598
5637,148,38,1.0,6.25667929649353,True,2025-10-25 14:12:21,0,0.0,9606809600.0,0.94369636
5658,149,21,-1.0,2.3774912357330322,False,2025-10-25 14:12:24,0,0.0,6355336704.0,0.94348657
5704,150,46,-1.0,8.447187662124634,False,2025-10-25 14:12:34,0,0.0,12619552768.0,0.94302703
5736,151,32,1.0,4.71191143989563,True,2025-10-25 14:12:39,0,0.0,8262281216.0,0.94270735
5767,152,31,-1.0,5.533196926116943,False,2025-10-25 14:12:46,0,0.0,15386842112.0,0.94239766
5797,153,30,-1.0,6.126023054122925,False,2025-10-25 14:12:53,0,0.0,13192314880.0,0.94209796
5829,154,32,-1.0,4.724384784698486,False,2025-10-25 14:12:58,0,0.0,11585042432.0,0.94177828
5868,155,39,1.0,7.965495347976685,True,2025-10-25 14:13:07,0,0.0,12711983104.0,0.94138867
5900,156,32,-1.0,4.67566180229187,False,2025-10-25 14:13:12,0,0.0,16827342848.0,0.94106899
5929,157,29,-1.0,5.042116403579712,False,2025-10-25 14:13:18,0,0.0,10914093056.0,0.94077928
5952,158,23,-1.0,3.3590574264526367,False,2025-10-25 14:13:22,0,0.0,24941266944.0,0.94054951
5975,159,23,-1.0,3.1164050102233887,False,2025-10-25 14:13:26,0,0.0,17423878144.0,0.94031974
6026,160,51,-1.0,94.46628975868225,False,2025-10-25 14:15:02,0,0.0,26779213824.0,0.93981025
6055,161,29,-1.0,5.236422538757324,False,2025-10-25 14:15:08,0,0.0,18664433664.0,0.93952054
6098,162,43,-1.0,7.873932361602783,False,2025-10-25 14:15:16,0,0.0,15894491136.0,0.93909097
6129,163,31,1.0,5.112343072891235,True,2025-10-25 14:15:22,0,0.0,23033714688.0,0.9387812799999999
6151,164,22,-1.0,2.9797470569610596,False,2025-10-25 14:15:26,0,0.0,15350910976.0,0.9385615
6249,165,98,-1.0,28.022544384002686,False,2025-10-25 14:15:55,0,0.0,46226259968.0,0.93758248
6278,166,29,-1.0,4.338793992996216,False,2025-10-25 14:16:00,0,0.0,32386785280.0,0.93729277
6303,167,25,-1.0,3.3235602378845215,False,2025-10-25 14:16:04,0,0.0,43151822848.0,0.93704302
6337,168,34,-1.0,6.266915321350098,False,2025-10-25 14:16:11,0,0.0,35191287808.0,0.93670336
6369,169,32,-1.0,4.165301561355591,False,2025-10-25 14:16:16,0,0.0,53514190848.0,0.93638368
6395,170,26,-1.0,3.2934932708740234,False,2025-10-25 14:16:20,0,0.0,39199162368.0,0.93612394
6419,171,24,-1.0,4.091865539550781,False,2025-10-25 14:16:25,0,0.0,39497064448.0,0.93588418
6482,172,63,-1.0,13.971990823745728,False,2025-10-25 14:16:40,0,0.0,47535742976.0,0.93525481
6501,173,19,-1.0,2.8382580280303955,False,2025-10-25 14:16:44,0,0.0,81899487232.0,0.935065
6552,174,51,-1.0,9.897807359695435,False,2025-10-25 14:16:54,0,0.0,68107608064.0,0.93455551
6577,175,25,-1.0,3.1986827850341797,False,2025-10-25 14:16:58,0,0.0,44862074880.0,0.93430576
6624,176,47,1.0,8.417911767959595,True,2025-10-25 14:17:07,0,0.0,55061401600.0,0.93383623
6656,177,32,-1.0,5.53394889831543,False,2025-10-25 14:17:14,0,0.0,75105443840.0,0.93351655
6688,178,32,-1.0,5.378827333450317,False,2025-10-25 14:17:20,0,0.0,95150940160.0,0.93319687
6721,179,33,-1.0,5.457287073135376,False,2025-10-25 14:17:26,0,0.0,114460336128.0,0.9328672
6762,180,41,-1.0,7.055300235748291,False,2025-10-25 14:17:34,0,0.0,98011627520.0,0.9324576099999999
6786,181,24,-1.0,3.4324498176574707,False,2025-10-25 14:17:38,0,0.0,177792040960.0,0.93221785
6820,182,34,-1.0,5.963833332061768,False,2025-10-25 14:17:45,0,0.0,148011761664.0,0.9318781899999999
6856,183,36,-1.0,5.291780710220337,False,2025-10-25 14:17:51,0,0.0,161512554496.0,0.9315185500000001
6894,184,38,-1.0,6.682363033294678,False,2025-10-25 14:17:58,0,0.0,167705182208.0,0.93113893
6940,185,46,1.0,9.756041765213013,True,2025-10-25 14:18:09,0,0.0,128726097920.0,0.93067939
6968,186,28,-1.0,3.785153865814209,False,2025-10-25 14:18:13,0,0.0,114632515584.0,0.93039967
6993,187,25,-1.0,3.2420244216918945,False,2025-10-25 14:18:17,0,0.0,110053793792.0,0.93014992
7040,188,47,-1.0,83.98632621765137,False,2025-10-25 14:19:42,0,0.0,101924978688.0,0.92968039
7094,189,54,-1.0,11.127641201019287,False,2025-10-25 14:19:54,0,0.0,194811756544.0,0.92914093
7118,190,24,-1.0,3.754549980163574,False,2025-10-25 14:19:59,0,0.0,214154510336.0,0.92890117
7151,191,33,-1.0,6.278891324996948,False,2025-10-25 14:20:06,0,0.0,230758350848.0,0.9285715
7211,192,60,-1.0,12.990421056747437,False,2025-10-25 14:20:20,0,0.0,223797133312.0,0.9279721
7243,193,32,-1.0,4.345193386077881,False,2025-10-25 14:20:25,0,0.0,381007364096.0,0.92765242
7272,194,29,-1.0,4.934282064437866,False,2025-10-25 14:20:31,0,0.0,246556803072.0,0.92736271
7328,195,56,-1.0,11.86653733253479,False,2025-10-25 14:20:43,0,0.0,290035662848.0,0.92680327
7365,196,37,-1.0,5.203540325164795,False,2025-10-25 14:20:49,0,0.0,356378411008.0,0.92643364
7389,197,24,-1.0,3.163557767868042,False,2025-10-25 14:20:54,0,0.0,483816472576.0,0.92619388
7417,198,28,-1.0,3.8316075801849365,False,2025-10-25 14:20:59,0,0.0,670463557632.0,0.92591416
7454,199,37,1.0,6.792712926864624,True,2025-10-25 14:21:06,0,0.0,450498658304.0,0.92554453
7477,200,23,-1.0,2.645411968231201,False,2025-10-25 14:21:10,0,0.0,373687582720.0,0.92531476
7518,201,41,1.0,6.504479646682739,True,2025-10-25 14:21:17,0,0.0,496467574784.0,0.9249051699999999
7549,202,31,1.0,7.31446647644043,True,2025-10-25 14:21:26,0,0.0,855343104000.0,0.92459548
7582,203,33,-1.0,5.898852348327637,False,2025-10-25 14:21:35,0,0.0,511265079296.0,0.92426581
7623,204,41,-1.0,7.683730840682983,False,2025-10-25 14:21:44,0,0.0,511198199808.0,0.92385622
7667,205,44,-1.0,7.79592227935791,False,2025-10-25 14:21:55,0,0.0,543704481792.0,0.92341666
7720,206,53,-1.0,10.977814674377441,False,2025-10-25 14:22:07,0,0.0,503536484352.0,0.92288719
7740,207,20,-1.0,2.1916117668151855,False,2025-10-25 14:22:10,0,0.0,632069292032.0,0.92268739
7786,208,46,-1.0,8.715402126312256,False,2025-10-25 14:22:19,0,0.0,797355212800.0,0.92222785
7825,209,39,-1.0,5.980982065200806,False,2025-10-25 14:22:26,0,0.0,862168547328.0,0.92183824
7878,210,53,1.0,10.249260902404785,True,2025-10-25 14:22:37,0,0.0,693556346880.0,0.92130877
7909,211,31,-1.0,5.470111131668091,False,2025-10-25 14:22:43,0,0.0,1359264088064.0,0.92099908
7936,212,27,-1.0,3.898806571960449,False,2025-10-25 14:22:48,0,0.0,1328016523264.0,0.92072935
7976,213,40,-1.0,6.4208948612213135,False,2025-10-25 14:22:55,0,0.0,1388751355904.0,0.9203297500000001
8032,214,56,1.0,70.85295510292053,True,2025-10-25 14:24:07,0,0.0,2048371982336.0,0.91977031
8063,215,31,-1.0,4.261118412017822,False,2025-10-25 14:24:12,0,0.0,1667082092544.0,0.91946062
8095,216,32,-1.0,5.549314737319946,False,2025-10-25 14:24:20,0,0.0,2212054433792.0,0.91914094
8146,217,51,-1.0,8.721400022506714,False,2025-10-25 14:24:30,0,0.0,3230678384640.0,0.91863145
8166,218,20,-1.0,3.550949811935425,False,2025-10-25 14:24:34,0,0.0,2737156915200.0,0.91843165
8194,219,28,1.0,3.6050148010253906,True,2025-10-25 14:24:39,0,0.0,2010993655808.0,0.91815193
8224,220,30,-1.0,4.068610906600952,False,2025-10-25 14:24:44,0,0.0,2352655368192.0,0.91785223
8260,221,36,-1.0,6.183999538421631,False,2025-10-25 14:24:51,0,0.0,3320798773248.0,0.9174925899999999
8295,222,35,-1.0,5.250931739807129,False,2025-10-25 14:24:58,0,0.0,2113378189312.0,0.91714294
8333,223,38,-1.0,7.74191427230835,False,2025-10-25 14:25:06,0,0.0,4444731211776.0,0.91676332
8360,224,27,-1.0,3.8468704223632812,False,2025-10-25 14:25:11,0,0.0,2380610142208.0,0.91649359
8426,225,66,-1.0,14.192408800125122,False,2025-10-25 14:25:26,0,0.0,3863057793024.0,0.91583425
8461,226,35,-1.0,5.9934751987457275,False,2025-10-25 14:25:33,0,0.0,5197555826688.0,0.9154846
8494,227,33,1.0,5.092652082443237,True,2025-10-25 14:25:39,0,0.0,4319527043072.0,0.91515493
8525,228,31,-1.0,5.06331992149353,False,2025-10-25 14:25:45,0,0.0,4627045023744.0,0.91484524
8563,229,38,-1.0,5.548038482666016,False,2025-10-25 14:25:51,0,0.0,5309659611136.0,0.91446562
8608,230,45,-1.0,8.7409086227417,False,2025-10-25 14:26:00,0,0.0,4150406938624.0,0.91401607
8632,231,24,-1.0,3.483098268508911,False,2025-10-25 14:26:05,0,0.0,6403075866624.0,0.91377631
8689,232,57,1.0,13.265390872955322,True,2025-10-25 14:26:19,0,0.0,6445183533056.0,0.9132068799999999
8723,233,34,1.0,6.795091390609741,True,2025-10-25 14:26:26,0,0.0,6003222380544.0,0.91286722
8775,234,52,-1.0,8.871580600738525,False,2025-10-25 14:26:36,0,0.0,7275739086848.0,0.91234774
8811,235,36,-1.0,6.917038440704346,False,2025-10-25 14:26:44,0,0.0,8507084505088.0,0.9119881
8860,236,49,-1.0,9.962937831878662,False,2025-10-25 14:26:55,0,0.0,7065595543552.0,0.91149859
8891,237,31,-1.0,4.53618311882019,False,2025-10-25 14:27:00,0,0.0,6790537281536.0,0.9111889
8942,238,51,1.0,9.970885038375854,True,2025-10-25 14:27:11,0,0.0,9268128382976.0,0.91067941
8976,239,34,-1.0,5.425477981567383,False,2025-10-25 14:27:17,0,0.0,9824525877248.0,0.91033975
9027,240,51,-1.0,79.68402743339539,False,2025-10-25 14:28:38,0,0.0,34198874226688.0,0.90983026
9067,241,40,-1.0,7.353440284729004,False,2025-10-25 14:28:46,0,0.0,41599161597952.0,0.90943066
9096,242,29,-1.0,3.9290688037872314,False,2025-10-25 14:28:50,0,0.0,13912467570688.0,0.9091409500000001
9139,243,43,-1.0,7.788912057876587,False,2025-10-25 14:28:59,0,0.0,11859114590208.0,0.90871138
9172,244,33,-1.0,4.605824708938599,False,2025-10-25 14:29:05,0,0.0,18447144583168.0,0.90838171
9196,245,24,-1.0,3.2801830768585205,False,2025-10-25 14:29:09,0,0.0,45293328400384.0,0.90814195
9226,246,30,-1.0,4.29920506477356,False,2025-10-25 14:29:14,0,0.0,15220846100480.0,0.90784225
9257,247,31,-1.0,4.116430282592773,False,2025-10-25 14:29:20,0,0.0,30160485089280.0,0.90753256
9298,248,41,1.0,6.725297451019287,True,2025-10-25 14:29:27,0,0.0,39184756637696.0,0.90712297
9331,249,33,-1.0,5.603569746017456,False,2025-10-25 14:29:34,0,0.0,43110180585472.0,0.9067933
9365,250,34,-1.0,5.333167791366577,False,2025-10-25 14:29:40,0,0.0,13577772597248.0,0.9064536400000001
9403,251,38,1.0,7.0857086181640625,True,2025-10-25 14:29:48,0,0.0,9590872735744.0,0.90607402
9428,252,25,-1.0,3.962716579437256,False,2025-10-25 14:29:53,0,0.0,15106508324864.0,0.90582427
9455,253,27,-1.0,3.8446075916290283,False,2025-10-25 14:29:58,0,0.0,36760302125056.0,0.90555454
9480,254,25,-1.0,3.2562665939331055,False,2025-10-25 14:30:02,0,0.0,15512378540032.0,0.90530479
9528,255,48,-1.0,10.814976453781128,False,2025-10-25 14:30:13,0,0.0,27356209086464.0,0.90482527
9572,256,44,-1.0,8.762813806533813,False,2025-10-25 14:30:23,0,0.0,13873547575296.0,0.90438571
9616,257,44,-1.0,7.964090824127197,False,2025-10-25 14:30:32,0,0.0,28498523586560.0,0.90394615
9656,258,40,-1.0,7.450276136398315,False,2025-10-25 14:30:40,0,0.0,24310513139712.0,0.90354655
9697,259,41,-1.0,7.403855085372925,False,2025-10-25 14:30:48,0,0.0,28871770505216.0,0.90313696
9728,260,31,-1.0,5.569320917129517,False,2025-10-25 14:30:55,0,0.0,25451911184384.0,0.90282727
9749,261,21,-1.0,2.6965646743774414,False,2025-10-25 14:30:58,0,0.0,32426246012928.0,0.90261748
9827,262,78,-1.0,21.074817895889282,False,2025-10-25 14:31:20,0,0.0,29959959609344.0,0.90183826
9861,263,34,-1.0,5.488049268722534,False,2025-10-25 14:31:27,0,0.0,27160031002624.0,0.9014986
9896,264,35,-1.0,6.650367736816406,False,2025-10-25 14:31:34,0,0.0,7227020673024.0,0.9011489500000001
9932,265,36,-1.0,4.988821983337402,False,2025-10-25 14:31:40,0,0.0,37170853183488.0,0.90078931
9962,266,30,-1.0,4.487058639526367,False,2025-10-25 14:31:45,0,0.0,27673847922688.0,0.9004896099999999
10040,267,78,-1.0,123.19880390167236,False,2025-10-25 14:33:49,0,0.0,24708636475392.0,0.89971039
10063,268,23,-1.0,2.932231903076172,False,2025-10-25 14:33:53,0,0.0,4432672587776.0,0.89948062
10103,269,40,-1.0,6.160777807235718,False,2025-10-25 14:34:00,0,0.0,8141009321984.0,0.89908102
10133,270,30,-1.0,5.620999813079834,False,2025-10-25 14:34:06,0,0.0,23002664140800.0,0.89878132
10160,271,27,-1.0,3.8486745357513428,False,2025-10-25 14:34:11,0,0.0,9826745712640.0,0.89851159
10209,272,49,-1.0,12.699612379074097,False,2025-10-25 14:34:25,0,0.0,12655727214592.0,0.8980220800000001
10245,273,36,-1.0,6.85438871383667,False,2025-10-25 14:34:32,0,0.0,14322595004416.0,0.89766244
10268,274,23,-1.0,3.0189895629882812,False,2025-10-25 14:34:36,0,0.0,28826107117568.0,0.89743267
10309,275,41,-1.0,8.488267183303833,False,2025-10-25 14:34:46,0,0.0,15438054424576.0,0.89702308
10346,276,37,-1.0,6.293983697891235,False,2025-10-25 14:34:53,0,0.0,12672393281536.0,0.89665345
10402,277,56,-1.0,13.52511715888977,False,2025-10-25 14:35:07,0,0.0,23416528699392.0,0.89609401
10440,278,38,-1.0,6.607418775558472,False,2025-10-25 14:35:15,0,0.0,11896910512128.0,0.89571439
10505,279,65,1.0,15.46490478515625,True,2025-10-25 14:35:31,0,0.0,9954624798720.0,0.89506504
10543,280,38,-1.0,6.313493490219116,False,2025-10-25 14:35:38,0,0.0,9414423609344.0,0.89468542
10573,281,30,-1.0,5.035821914672852,False,2025-10-25 14:35:44,0,0.0,5529886261248.0,0.89438572
10609,282,36,-1.0,9.008033514022827,False,2025-10-25 14:35:54,0,0.0,9135223472128.0,0.89402608
10641,283,32,1.0,4.530869245529175,True,2025-10-25 14:36:00,0,0.0,16921337528320.0,0.8937064
10670,284,29,-1.0,4.584313631057739,False,2025-10-25 14:36:05,0,0.0,17180617867264.0,0.89341669
10700,285,30,-1.0,5.426297664642334,False,2025-10-25 14:36:12,0,0.0,7911663730688.0,0.89311699
10730,286,30,-1.0,3.986902952194214,False,2025-10-25 14:36:17,0,0.0,26904474157056.0,0.89281729
10757,287,27,-1.0,5.986258506774902,False,2025-10-25 14:36:24,0,0.0,17859220602880.0,0.89254756
10835,288,78,1.0,20.009417295455933,True,2025-10-25 14:36:45,0,0.0,16005714673664.0,0.89176834
10876,289,41,-1.0,6.0906617641448975,False,2025-10-25 14:36:53,0,0.0,9189257641984.0,0.89135875
10909,290,33,-1.0,6.58021092414856,False,2025-10-25 14:37:01,0,0.0,16088842633216.0,0.89102908
10934,291,25,-1.0,3.73557710647583,False,2025-10-25 14:37:06,0,0.0,21641622978560.0,0.89077933
10950,292,16,-1.0,2.0159053802490234,False,2025-10-25 14:37:09,0,0.0,4731569176576.0,0.89061949
11042,293,92,-1.0,99.25372409820557,False,2025-10-25 14:38:49,0,0.0,21178485833728.0,0.88970041
11095,294,53,-1.0,11.886934757232666,False,2025-10-25 14:39:02,0,0.0,12997974032384.0,0.88917094
11144,295,49,-1.0,10.51854681968689,False,2025-10-25 14:39:14,0,0.0,18724268539904.0,0.88868143
11195,296,51,-1.0,8.947505712509155,False,2025-10-25 14:39:24,0,0.0,7533463863296.0,0.88817194
11237,297,42,1.0,8.466697454452515,True,2025-10-25 14:39:33,0,0.0,2767710060544.0,0.88775236
11269,298,32,-1.0,4.591406583786011,False,2025-10-25 14:39:38,0,0.0,11051661787136.0,0.88743268
11295,299,26,-1.0,3.8237204551696777,False,2025-10-25 14:39:43,0,0.0,10571822923776.0,0.88717294
11335,300,40,-1.0,8.062901258468628,False,2025-10-25 14:39:52,0,0.0,4837929910272.0,0.88677334
11381,301,46,-1.0,9.68772840499878,False,2025-10-25 14:40:02,0,0.0,13254487179264.0,0.8863138
11438,302,57,-1.0,15.810251235961914,False,2025-10-25 14:40:19,0,0.0,8379277770752.0,0.8857443700000001
11489,303,51,-1.0,11.085211753845215,False,2025-10-25 14:40:31,0,0.0,6775699406848.0,0.8852348800000001
11523,304,34,-1.0,5.448923110961914,False,2025-10-25 14:40:37,0,0.0,9074835980288.0,0.88489522
11561,305,38,-1.0,7.471838712692261,False,2025-10-25 14:40:46,0,0.0,22458293813248.0,0.8845156
11595,306,34,-1.0,5.25048041343689,False,2025-10-25 14:40:52,0,0.0,9089912406016.0,0.88417594
11623,307,28,-1.0,4.9358038902282715,False,2025-10-25 14:40:58,0,0.0,4891304001536.0,0.88389622
11666,308,43,-1.0,14.109887838363647,False,2025-10-25 14:41:13,0,0.0,8923498151936.0,0.88346665
11699,309,33,-1.0,5.305783748626709,False,2025-10-25 14:41:19,0,0.0,6684244705280.0,0.88313698
11720,310,21,-1.0,2.852717399597168,False,2025-10-25 14:41:23,0,0.0,8538047381504.0,0.88292719
11742,311,22,-1.0,2.7846415042877197,False,2025-10-25 14:41:26,0,0.0,21182248124416.0,0.88270741
11794,312,52,-1.0,11.974235773086548,False,2025-10-25 14:41:39,0,0.0,5956154949632.0,0.88218793
11886,313,92,1.0,27.19509243965149,True,2025-10-25 14:42:07,0,0.0,4794062733312.0,0.88126885
11935,314,49,-1.0,11.001149415969849,False,2025-10-25 14:42:19,0,0.0,7336592146432.0,0.88077934
11971,315,36,-1.0,6.607839107513428,False,2025-10-25 14:42:27,0,0.0,27203530129408.0,0.8804197
12034,316,63,-1.0,118.591068983078,False,2025-10-25 14:44:26,0,0.0,6577739792384.0,0.87979033
12072,317,38,-1.0,6.574497938156128,False,2025-10-25 14:44:34,0,0.0,12319351373824.0,0.87941071
12121,318,49,-1.0,11.228736162185669,False,2025-10-25 14:44:46,0,0.0,23794999623680.0,0.8789212
12225,319,104,-1.0,38.960524559020996,False,2025-10-25 14:45:26,0,0.0,11974334218240.0,0.87788224
12254,320,29,-1.0,4.754378795623779,False,2025-10-25 14:45:31,0,0.0,29664020004864.0,0.87759253
12281,321,27,-1.0,5.173901557922363,False,2025-10-25 14:45:37,0,0.0,24373771632640.0,0.8773228
12304,322,23,-1.0,3.391385555267334,False,2025-10-25 14:45:42,0,0.0,12691826540544.0,0.8770930299999999
12323,323,19,-1.0,2.3463711738586426,False,2025-10-25 14:45:45,0,0.0,15425516601344.0,0.87690322
12362,324,39,-1.0,7.152454137802124,False,2025-10-25 14:45:53,0,0.0,18736834674688.0,0.8765136099999999
12404,325,42,-1.0,10.282427787780762,False,2025-10-25 14:46:05,0,0.0,13721808142336.0,0.87609403
12460,326,56,-1.0,10.631527662277222,False,2025-10-25 14:46:16,0,0.0,24629395587072.0,0.87553459
12492,327,32,-1.0,6.497523069381714,False,2025-10-25 14:46:24,0,0.0,14961797496832.0,0.87521491
12511,328,19,-1.0,2.8080012798309326,False,2025-10-25 14:46:28,0,0.0,23654442205184.0,0.8750251
12542,329,31,-1.0,5.058435678482056,False,2025-10-25 14:46:34,0,0.0,10528745324544.0,0.87471541
12573,330,31,-1.0,5.485417366027832,False,2025-10-25 14:46:41,0,0.0,16454913097728.0,0.8744057199999999
12612,331,39,-1.0,15.02974820137024,False,2025-10-25 14:46:58,0,0.0,8680625930240.0,0.87401611
12631,332,19,-1.0,2.20652174949646,False,2025-10-25 14:47:03,0,0.0,7270629900288.0,0.8738263
12682,333,51,1.0,9.69810938835144,True,2025-10-25 14:47:14,0,0.0,12549759172608.0,0.8733168099999999
12709,334,27,-1.0,4.923566579818726,False,2025-10-25 14:47:20,0,0.0,17049076105216.0,0.87304708
12764,335,55,1.0,11.784368991851807,True,2025-10-25 14:47:32,0,0.0,22141453991936.0,0.87249763
12807,336,43,-1.0,9.281691074371338,False,2025-10-25 14:47:43,0,0.0,9607242055680.0,0.87206806
12866,337,59,-1.0,16.351471662521362,False,2025-10-25 14:48:01,0,0.0,9488975265792.0,0.87147865
12885,338,19,-1.0,2.7826333045959473,False,2025-10-25 14:48:05,0,0.0,4417394311168.0,0.87128884
12921,339,36,-1.0,6.415154218673706,False,2025-10-25 14:48:12,0,0.0,26886008733696.0,0.8709292
12973,340,52,-1.0,11.977977991104126,False,2025-10-25 14:48:25,0,0.0,17369584893952.0,0.87040972
13046,341,73,-1.0,109.34345865249634,False,2025-10-25 14:50:16,0,0.0,24750466269184.0,0.8696804499999999
13090,342,44,-1.0,6.990253448486328,False,2025-10-25 14:50:24,0,0.0,10462788845568.0,0.8692408899999999
13129,343,39,-1.0,8.556138038635254,False,2025-10-25 14:50:33,0,0.0,24110423867392.0,0.86885128
13161,344,32,-1.0,4.487337112426758,False,2025-10-25 14:50:38,0,0.0,7001880920064.0,0.8685316000000001
13202,345,41,-1.0,8.127172708511353,False,2025-10-25 14:50:47,0,0.0,30565057167360.0,0.86812201
13241,346,39,-1.0,10.015343189239502,False,2025-10-25 14:50:58,0,0.0,17147746058240.0,0.8677324
13261,347,20,-1.0,2.966701030731201,False,2025-10-25 14:51:03,0,0.0,9141992030208.0,0.8675326
13317,348,56,1.0,12.543858051300049,True,2025-10-25 14:51:16,0,0.0,14204398469120.0,0.86697316
13353,349,36,-1.0,11.639594554901123,False,2025-10-25 14:51:29,0,0.0,12340725547008.0,0.86661352
13382,350,29,-1.0,4.179527997970581,False,2025-10-25 14:51:34,0,0.0,32509865754624.0,0.86632381
13449,351,67,-1.0,15.802144765853882,False,2025-10-25 14:51:51,0,0.0,9920208437248.0,0.86565448
13474,352,25,-1.0,3.1337883472442627,False,2025-10-25 14:51:55,0,0.0,8826525843456.0,0.8654047300000001
13513,353,39,-1.0,7.697658538818359,False,2025-10-25 14:52:04,0,0.0,6619040579584.0,0.86501512
13550,354,37,-1.0,6.056378364562988,False,2025-10-25 14:52:11,0,0.0,19826068160512.0,0.86464549
13584,355,34,-1.0,5.8561317920684814,False,2025-10-25 14:52:18,0,0.0,28092009545728.0,0.8643058299999999
13640,356,56,-1.0,16.577175855636597,False,2025-10-25 14:52:35,0,0.0,8480538230784.0,0.86374639
13677,357,37,-1.0,6.687757253646851,False,2025-10-25 14:52:43,0,0.0,11337995386880.0,0.86337676
13709,358,32,-1.0,4.534551620483398,False,2025-10-25 14:52:49,0,0.0,12996730421248.0,0.86305708
13742,359,33,-1.0,7.4294514656066895,False,2025-10-25 14:52:57,0,0.0,9257353216000.0,0.86272741
13782,360,40,-1.0,7.964592456817627,False,2025-10-25 14:53:06,0,0.0,9167854108672.0,0.86232781
13809,361,27,-1.0,4.404095649719238,False,2025-10-25 14:53:11,0,0.0,5267843973120.0,0.86205808
13929,362,120,-1.0,53.280354261398315,False,2025-10-25 14:54:06,0,0.0,16708931682304.0,0.86085928
13958,363,29,-1.0,4.775570392608643,False,2025-10-25 14:54:12,0,0.0,7218975473664.0,0.86056957
13998,364,40,-1.0,8.309071063995361,False,2025-10-25 14:54:23,0,0.0,10391279108096.0,0.86016997
14049,365,51,-1.0,110.09028792381287,False,2025-10-25 14:56:15,0,0.0,6963094093824.0,0.8596604800000001
14104,366,55,-1.0,13.22165584564209,False,2025-10-25 14:56:29,0,0.0,14154577477632.0,0.85911103
14142,367,38,-1.0,5.606863975524902,False,2025-10-25 14:56:36,0,0.0,6455583834112.0,0.85873141
14161,368,19,-1.0,2.4868311882019043,False,2025-10-25 14:56:39,0,0.0,10987146051584.0,0.8585416
14195,369,34,-1.0,5.915309906005859,False,2025-10-25 14:56:47,0,0.0,12147399589888.0,0.85820194
14233,370,38,-1.0,8.912695169448853,False,2025-10-25 14:56:57,0,0.0,24433402052608.0,0.85782232
14270,371,37,-1.0,6.117557048797607,False,2025-10-25 14:57:04,0,0.0,10442878484480.0,0.85745269
14300,372,30,-1.0,4.965867519378662,False,2025-10-25 14:57:11,0,0.0,8894752489472.0,0.85715299
14338,373,38,-1.0,15.186922073364258,False,2025-10-25 14:57:27,0,0.0,9684125745152.0,0.85677337
14375,374,37,-1.0,5.400214672088623,False,2025-10-25 14:57:34,0,0.0,9711794520064.0,0.85640374
14413,375,38,1.0,6.39049506187439,True,2025-10-25 14:57:42,0,0.0,14302459199488.0,0.85602412
14441,376,28,1.0,4.343562602996826,True,2025-10-25 14:57:47,0,0.0,4716603899904.0,0.8557444
14524,377,83,-1.0,26.25304913520813,False,2025-10-25 14:58:14,0,0.0,8927097913344.0,0.85491523
14553,378,29,-1.0,4.112555027008057,False,2025-10-25 14:58:19,0,0.0,12504272994304.0,0.85462552
14586,379,33,-1.0,5.03753662109375,False,2025-10-25 14:58:25,0,0.0,8877693206528.0,0.85429585
14621,380,35,1.0,6.6161768436431885,True,2025-10-25 14:58:33,0,0.0,5722184089600.0,0.8539462
14668,381,47,-1.0,9.950365781784058,False,2025-10-25 14:58:46,0,0.0,10423072980992.0,0.85347667
14764,382,96,1.0,49.20613098144531,True,2025-10-25 14:59:37,0,0.0,6255972712448.0,0.85251763
14789,383,25,-1.0,5.131173372268677,False,2025-10-25 14:59:43,0,0.0,20188560883712.0,0.85226788
14814,384,25,-1.0,3.6720070838928223,False,2025-10-25 14:59:47,0,0.0,28601181274112.0,0.85201813
14837,385,23,-1.0,3.385098934173584,False,2025-10-25 14:59:51,0,0.0,14186771906560.0,0.85178836
14873,386,36,-1.0,6.731231212615967,False,2025-10-25 14:59:59,0,0.0,16012850233344.0,0.85142872
14916,387,43,-1.0,7.652763843536377,False,2025-10-25 15:00:08,0,0.0,12469435105280.0,0.85099915
14947,388,31,-1.0,12.90922212600708,False,2025-10-25 15:00:22,0,0.0,9733276696576.0,0.85068946
14986,389,39,-1.0,6.6011645793914795,False,2025-10-25 15:00:29,0,0.0,14004955119616.0,0.85029985
15030,390,44,-1.0,114.12764406204224,False,2025-10-25 15:02:24,0,0.0,5915979284480.0,0.84986029
15083,391,53,1.0,11.718740701675415,True,2025-10-25 15:02:37,0,0.0,16329276915712.0,0.84933082
15124,392,41,-1.0,6.629727363586426,False,2025-10-25 15:02:45,0,0.0,8935708819456.0,0.84892123
15139,393,15,-1.0,1.7734856605529785,False,2025-10-25 15:02:47,0,0.0,12248164597760.0,0.8487713800000001
15167,394,28,-1.0,5.863326787948608,False,2025-10-25 15:02:54,0,0.0,4550015582208.0,0.84849166
15207,395,40,1.0,6.5485334396362305,True,2025-10-25 15:03:02,0,0.0,7403014193152.0,0.84809206
15245,396,38,1.0,7.044789791107178,True,2025-10-25 15:03:10,0,0.0,18354100240384.0,0.84771244
15291,397,46,-1.0,23.231034755706787,False,2025-10-25 15:03:34,0,0.0,6401134952448.0,0.8472529
15332,398,41,-1.0,7.241194248199463,False,2025-10-25 15:03:42,0,0.0,20104987279360.0,0.84684331
15372,399,40,-1.0,7.692875385284424,False,2025-10-25 15:03:51,0,0.0,18813531717632.0,0.84644371
15427,400,55,-1.0,16.944109439849854,False,2025-10-25 15:04:09,0,0.0,27242038034432.0,0.84589426
15464,401,37,-1.0,6.251043081283569,False,2025-10-25 15:04:16,0,0.0,21574593806336.0,0.84552463
15492,402,28,-1.0,5.3457067012786865,False,2025-10-25 15:04:23,0,0.0,9031970193408.0,0.84524491
15514,403,22,-1.0,2.6740994453430176,False,2025-10-25 15:04:27,0,0.0,6204568371200.0,0.84502513
15548,404,34,-1.0,12.615431547164917,False,2025-10-25 15:04:40,0,0.0,6438317457408.0,0.8446854699999999
15584,405,36,-1.0,5.778620719909668,False,2025-10-25 15:04:47,0,0.0,17935837954048.0,0.84432583
15634,406,50,-1.0,9.34450387954712,False,2025-10-25 15:04:57,0,0.0,2616027512832.0,0.84382633
15694,407,60,1.0,15.502207279205322,True,2025-10-25 15:05:14,0,0.0,23682617442304.0,0.84322693
15726,408,32,-1.0,5.375730514526367,False,2025-10-25 15:05:20,0,0.0,20929748926464.0,0.84290725
15763,409,37,-1.0,15.296172142028809,False,2025-10-25 15:05:37,0,0.0,24832618004480.0,0.84253762
15798,410,35,-1.0,6.544229030609131,False,2025-10-25 15:05:44,0,0.0,41999356919808.0,0.84218797
15826,411,28,-1.0,4.598403692245483,False,2025-10-25 15:05:50,0,0.0,9627522564096.0,0.84190825
15893,412,67,1.0,22.790351152420044,True,2025-10-25 15:06:14,0,0.0,13961521004544.0,0.84123892
15927,413,34,-1.0,6.32422137260437,False,2025-10-25 15:06:22,0,0.0,36517082824704.0,0.84089926
15966,414,39,-1.0,7.1215269565582275,False,2025-10-25 15:06:30,0,0.0,5129869197312.0,0.84050965
16038,415,72,-1.0,183.17600393295288,False,2025-10-25 15:09:35,0,0.0,12889382453248.0,0.83979037
16060,416,22,-1.0,3.443467378616333,False,2025-10-25 15:09:40,0,0.0,3853773963264.0,0.83957059
16087,417,27,-1.0,4.328173398971558,False,2025-10-25 15:09:45,0,0.0,11020805341184.0,0.83930086
16118,418,31,-1.0,5.171031951904297,False,2025-10-25 15:09:51,0,0.0,46519336042496.0,0.83899117
16167,419,49,-1.0,24.295963048934937,False,2025-10-25 15:10:17,0,0.0,34029017497600.0,0.83850166
16223,420,56,-1.0,12.46664810180664,False,2025-10-25 15:10:31,0,0.0,6705846943744.0,0.83794222
16260,421,37,-1.0,7.867088556289673,False,2025-10-25 15:10:39,0,0.0,16020461846528.0,0.83757259
16292,422,32,-1.0,4.728861331939697,False,2025-10-25 15:10:45,0,0.0,11301037277184.0,0.83725291
16337,423,45,-1.0,7.614437580108643,False,2025-10-25 15:10:53,0,0.0,6295510843392.0,0.83680336
16377,424,40,-1.0,8.87651014328003,False,2025-10-25 15:11:03,0,0.0,9048831295488.0,0.83640376
16444,425,67,-1.0,16.177676677703857,False,2025-10-25 15:11:21,0,0.0,26007962648576.0,0.83573443
16494,426,50,-1.0,10.516618013381958,False,2025-10-25 15:11:32,0,0.0,27821407731712.0,0.83523493
16534,427,40,-1.0,7.357041835784912,False,2025-10-25 15:11:41,0,0.0,16354239315968.0,0.83483533
16555,428,21,-1.0,11.970208168029785,False,2025-10-25 15:11:53,0,0.0,23895115563008.0,0.83462554
16589,429,34,-1.0,5.809808731079102,False,2025-10-25 15:12:00,0,0.0,7757695549440.0,0.83428588
16624,430,35,-1.0,6.274866819381714,False,2025-10-25 15:12:08,0,0.0,13650092883968.0,0.83393623
16649,431,25,-1.0,3.840235471725464,False,2025-10-25 15:12:13,0,0.0,15624215461888.0,0.83368648
16686,432,37,-1.0,6.894121408462524,False,2025-10-25 15:12:21,0,0.0,25975486152704.0,0.83331685
16719,433,33,-1.0,16.091912746429443,False,2025-10-25 15:12:38,0,0.0,42290038964224.0,0.8329871799999999
16758,434,39,-1.0,7.873268365859985,False,2025-10-25 15:12:47,0,0.0,18038822797312.0,0.83259757
16803,435,45,1.0,8.486949682235718,True,2025-10-25 15:12:57,0,0.0,38775543562240.0,0.83214802
16845,436,42,-1.0,17.256850004196167,False,2025-10-25 15:13:15,0,0.0,14871279173632.0,0.83172844
16875,437,30,-1.0,4.31192684173584,False,2025-10-25 15:13:20,0,0.0,12096860323840.0,0.83142874
16919,438,44,-1.0,8.300415992736816,False,2025-10-25 15:13:29,0,0.0,15156470874112.0,0.83098918
16949,439,30,-1.0,4.82994818687439,False,2025-10-25 15:13:35,0,0.0,9319642824704.0,0.83068948
16994,440,45,-1.0,12.893594980239868,False,2025-10-25 15:13:50,0,0.0,23034909949952.0,0.8302399300000001
17038,441,44,-1.0,119.72822570800781,False,2025-10-25 15:15:50,0,0.0,24525511065600.0,0.8298003700000001
17066,442,28,-1.0,4.180473566055298,False,2025-10-25 15:15:56,0,0.0,28670429233152.0,0.82952065
17091,443,25,-1.0,4.410067319869995,False,2025-10-25 15:16:01,0,0.0,33739564384256.0,0.8292709
17117,444,26,-1.0,4.262817859649658,False,2025-10-25 15:16:07,0,0.0,11488777469952.0,0.82901116
17146,445,29,-1.0,4.158048152923584,False,2025-10-25 15:16:12,0,0.0,25560996642816.0,0.82872145
17175,446,29,-1.0,4.034643173217773,False,2025-10-25 15:16:17,0,0.0,14038715072512.0,0.82843174
17203,447,28,-1.0,9.243485689163208,False,2025-10-25 15:16:27,0,0.0,10449053548544.0,0.82815202
17244,448,41,-1.0,7.519095420837402,False,2025-10-25 15:16:36,0,0.0,11987628064768.0,0.82774243
17276,449,32,-1.0,5.745590925216675,False,2025-10-25 15:16:42,0,0.0,22690110898176.0,0.82742275
17312,450,36,-1.0,6.441260576248169,False,2025-10-25 15:16:50,0,0.0,11098116849664.0,0.82706311
17337,451,25,-1.0,3.6281239986419678,False,2025-10-25 15:16:55,0,0.0,9210429440000.0,0.82681336
17363,452,26,-1.0,27.489880561828613,False,2025-10-25 15:17:23,0,0.0,6954140827648.0,0.82655362
17399,453,36,-1.0,6.584595203399658,False,2025-10-25 15:17:32,0,0.0,9662756814848.0,0.82619398
17423,454,24,-1.0,3.426454782485962,False,2025-10-25 15:17:36,0,0.0,9505652867072.0,0.82595422
17458,455,35,-1.0,5.706640958786011,False,2025-10-25 15:17:43,0,0.0,4551554891776.0,0.82560457
17488,456,30,-1.0,5.139599561691284,False,2025-10-25 15:17:49,0,0.0,9045477949440.0,0.82530487
17512,457,24,-1.0,9.206254959106445,False,2025-10-25 15:17:59,0,0.0,7982225031168.0,0.82506511
17541,458,29,-1.0,4.218679189682007,False,2025-10-25 15:18:05,0,0.0,18981326946304.0,0.8247754
17586,459,45,-1.0,8.59408974647522,False,2025-10-25 15:18:14,0,0.0,4417575714816.0,0.82432585
17613,460,27,-1.0,4.584026336669922,False,2025-10-25 15:18:20,0,0.0,14261258551296.0,0.8240561200000001
17653,461,40,-1.0,13.462216138839722,False,2025-10-25 15:18:35,0,0.0,3132629712896.0,0.82365652
17714,462,61,-1.0,11.874351739883423,False,2025-10-25 15:18:48,0,0.0,10778381910016.0,0.82304713
17750,463,36,-1.0,9.49888277053833,False,2025-10-25 15:18:58,0,0.0,16569070518272.0,0.82268749
17788,464,38,-1.0,6.633177995681763,False,2025-10-25 15:19:06,0,0.0,10554371473408.0,0.8223078699999999
17838,465,50,-1.0,10.07119107246399,False,2025-10-25 15:19:17,0,0.0,6778889175040.0,0.8218083700000001
17863,466,25,-1.0,3.6900634765625,False,2025-10-25 15:19:22,0,0.0,7414553247744.0,0.82155862
17883,467,20,-1.0,2.8132410049438477,False,2025-10-25 15:19:26,0,0.0,26702050754560.0,0.8213588199999999
17906,468,23,-1.0,24.240132808685303,False,2025-10-25 15:19:51,0,0.0,6729210265600.0,0.82112905
17961,469,55,1.0,11.483915567398071,True,2025-10-25 15:20:04,0,0.0,5234226102272.0,0.8205796
17998,470,37,-1.0,6.220532417297363,False,2025-10-25 15:20:12,0,0.0,8810884235264.0,0.8202099700000001
18023,471,25,-1.0,134.27202033996582,False,2025-10-25 15:22:27,0,0.0,7745008828416.0,0.81996022
18061,472,38,-1.0,6.008815288543701,False,2025-10-25 15:22:35,0,0.0,4386416492544.0,0.8195806
18088,473,27,-1.0,4.374734878540039,False,2025-10-25 15:22:40,0,0.0,24882024808448.0,0.81931087
18130,474,42,-1.0,32.243592262268066,False,2025-10-25 15:23:14,0,0.0,8122822819840.0,0.81889129
18152,475,22,-1.0,3.3507747650146484,False,2025-10-25 15:23:19,0,0.0,3672595496960.0,0.8186715099999999
18182,476,30,-1.0,4.736308336257935,False,2025-10-25 15:23:24,0,0.0,5730361409536.0,0.81837181
18213,477,31,-1.0,6.185115337371826,False,2025-10-25 15:23:31,0,0.0,17093359566848.0,0.81806212
18246,478,33,-1.0,5.346525192260742,False,2025-10-25 15:23:38,0,0.0,13879794991104.0,0.81773245
18292,479,46,-1.0,14.186009645462036,False,2025-10-25 15:23:53,0,0.0,6470736281600.0,0.81727291
18323,480,31,1.0,4.447965145111084,True,2025-10-25 15:23:59,0,0.0,6765270794240.0,0.81696322
18359,481,36,-1.0,6.700158596038818,False,2025-10-25 15:24:07,0,0.0,31664644292608.0,0.81660358
18386,482,27,-1.0,4.225098371505737,False,2025-10-25 15:24:12,0,0.0,16209629151232.0,0.81633385
18409,483,23,-1.0,3.7437784671783447,False,2025-10-25 15:24:17,0,0.0,11108775624704.0,0.81610408
18447,484,38,-1.0,22.932445526123047,False,2025-10-25 15:24:41,0,0.0,28807079657472.0,0.81572446
18488,485,41,-1.0,8.12987470626831,False,2025-10-25 15:24:51,0,0.0,22271766822912.0,0.81531487
18534,486,46,-1.0,8.522849082946777,False,2025-10-25 15:25:01,0,0.0,6265204375552.0,0.81485533
18595,487,61,-1.0,35.28612804412842,False,2025-10-25 15:25:37,0,0.0,11443169656832.0,0.81424594
18627,488,32,-1.0,5.463998556137085,False,2025-10-25 15:25:44,0,0.0,6705529225216.0,0.81392626
18679,489,52,1.0,23.34641981124878,True,2025-10-25 15:26:08,0,0.0,9622866886656.0,0.81340678
18755,490,76,-1.0,22.803527116775513,False,2025-10-25 15:26:33,0,0.0,7445978546176.0,0.81264754
18776,491,21,-1.0,3.557697296142578,False,2025-10-25 15:26:37,0,0.0,31922564628480.0,0.81243775
18814,492,38,-1.0,5.867110252380371,False,2025-10-25 15:26:45,0,0.0,14201119571968.0,0.81205813
18848,493,34,-1.0,6.0511651039123535,False,2025-10-25 15:26:52,0,0.0,15162521157632.0,0.81171847
18880,494,32,-1.0,10.974148035049438,False,2025-10-25 15:27:04,0,0.0,14242436612096.0,0.8113987899999999
18916,495,36,-1.0,5.571851491928101,False,2025-10-25 15:27:10,0,0.0,12082177114112.0,0.81103915
18952,496,36,-1.0,6.3206939697265625,False,2025-10-25 15:27:18,0,0.0,24029968728064.0,0.8106795099999999
18981,497,29,-1.0,4.455488204956055,False,2025-10-25 15:27:23,0,0.0,5204055949312.0,0.8103898
19030,498,49,-1.0,168.2632155418396,False,2025-10-25 15:30:12,0,0.0,13314448949248.0,0.8099002900000001
19074,499,44,-1.0,25.83852767944336,False,2025-10-25 15:30:41,0,0.0,29397381808128.0,0.80946073
19101,500,27,-1.0,4.3602306842803955,False,2025-10-25 15:30:46,0,0.0,12778475618304.0,0.809191
19136,501,35,-1.0,5.764353036880493,False,2025-10-25 15:30:53,0,0.0,5249653276672.0,0.80884135
19202,502,66,-1.0,18.41047191619873,False,2025-10-25 15:31:12,0,0.0,4676724457472.0,0.80818201
19231,503,29,-1.0,4.211050510406494,False,2025-10-25 15:31:18,0,0.0,21265012228096.0,0.8078923
19331,504,100,-1.0,37.83344626426697,False,2025-10-25 15:31:57,0,0.0,5278223826944.0,0.8068933
19375,505,44,-1.0,9.044437170028687,False,2025-10-25 15:32:07,0,0.0,14496209829888.0,0.80645374
19409,506,34,-1.0,5.9188010692596436,False,2025-10-25 15:32:14,0,0.0,4021924134912.0,0.80611408
19435,507,26,-1.0,7.728072881698608,False,2025-10-25 15:32:23,0,0.0,6819803037696.0,0.80585434
19466,508,31,-1.0,4.843639850616455,False,2025-10-25 15:32:29,0,0.0,26063642034176.0,0.80554465
19499,509,33,-1.0,5.7383787631988525,False,2025-10-25 15:32:36,0,0.0,3223182114816.0,0.80521498
19543,510,44,-1.0,8.385929584503174,False,2025-10-25 15:32:45,0,0.0,3606114467840.0,0.80477542
19575,511,32,-1.0,6.069772243499756,False,2025-10-25 15:32:53,0,0.0,18717035462656.0,0.80445574
19616,512,41,-1.0,31.266085624694824,False,2025-10-25 15:33:25,0,0.0,7083469045760.0,0.80404615
19649,513,33,1.0,5.501339435577393,True,2025-10-25 15:33:32,0,0.0,42135034265600.0,0.8037164800000001
19680,514,31,-1.0,5.480820894241333,False,2025-10-25 15:33:38,0,0.0,29450446045184.0,0.80340679
19700,515,20,-1.0,2.4311347007751465,False,2025-10-25 15:33:44,0,0.0,8666627964928.0,0.8032069900000001
19731,516,31,-1.0,4.783365726470947,False,2025-10-25 15:33:50,0,0.0,5873184276480.0,0.8028973
19761,517,30,-1.0,20.126827478408813,False,2025-10-25 15:34:12,0,0.0,31788971851776.0,0.8025976
19794,518,33,-1.0,5.172421932220459,False,2025-10-25 15:34:18,0,0.0,18345929736192.0,0.80226793
19821,519,27,-1.0,4.803720474243164,False,2025-10-25 15:34:24,0,0.0,6694712115200.0,0.8019982
19894,520,73,-1.0,20.339794874191284,False,2025-10-25 15:34:48,0,0.0,39676014493696.0,0.80126893
19958,521,64,-1.0,18.340105295181274,False,2025-10-25 15:35:08,0,0.0,53701658017792.0,0.80062957
19985,522,27,-1.0,4.616377353668213,False,2025-10-25 15:35:14,0,0.0,9499109752832.0,0.80035984
20036,523,51,1.0,163.395770072937,True,2025-10-25 15:37:58,0,0.0,43531280318464.0,0.79985035
20070,524,34,-1.0,6.600231170654297,False,2025-10-25 15:38:06,0,0.0,20245668429824.0,0.79951069
20119,525,49,-1.0,9.539703607559204,False,2025-10-25 15:38:17,0,0.0,27049540452352.0,0.79902118
20142,526,23,-1.0,3.0080342292785645,False,2025-10-25 15:38:21,0,0.0,9587686113280.0,0.79879141
20172,527,30,-1.0,10.100987434387207,False,2025-10-25 15:38:32,0,0.0,4589233373184.0,0.79849171
20196,528,24,-1.0,3.8272762298583984,False,2025-10-25 15:38:37,0,0.0,31865092177920.0,0.79825195
20229,529,33,-1.0,6.628931045532227,False,2025-10-25 15:38:45,0,0.0,5514884284416.0,0.79792228
20264,530,35,1.0,6.730482816696167,True,2025-10-25 15:38:52,0,0.0,16537658327040.0,0.79757263
20305,531,41,-1.0,7.1250319480896,False,2025-10-25 15:39:02,0,0.0,29566856855552.0,0.79716304
20422,532,117,-1.0,77.62955284118652,False,2025-10-25 15:40:21,0,0.0,38836725874688.0,0.79599421
20447,533,25,-1.0,3.627056360244751,False,2025-10-25 15:40:26,0,0.0,34151933673472.0,0.79574446
20481,534,34,-1.0,5.842068910598755,False,2025-10-25 15:40:33,0,0.0,35852335972352.0,0.7954048
20506,535,25,-1.0,11.240243911743164,False,2025-10-25 15:40:45,0,0.0,12454270599168.0,0.79515505
20535,536,29,-1.0,4.52759051322937,False,2025-10-25 15:40:51,0,0.0,5364457144320.0,0.79486534
20568,537,33,-1.0,6.315068006515503,False,2025-10-25 15:40:58,0,0.0,8440986992640.0,0.79453567
20623,538,55,-1.0,11.397680044174194,False,2025-10-25 15:41:11,0,0.0,46852707713024.0,0.7939862200000001
20654,539,31,-1.0,36.251097440719604,False,2025-10-25 15:41:48,0,0.0,45099887099904.0,0.79367653
20679,540,25,-1.0,3.5735325813293457,False,2025-10-25 15:41:53,0,0.0,21928809070592.0,0.79342678
20733,541,54,1.0,10.454004049301147,True,2025-10-25 15:42:05,0,0.0,88235455807488.0,0.79288732
20766,542,33,-1.0,5.2091662883758545,False,2025-10-25 15:42:11,0,0.0,20027501707264.0,0.79255765
20805,543,39,1.0,10.47864317893982,True,2025-10-25 15:42:22,0,0.0,50566650658816.0,0.79216804
20836,544,31,-1.0,4.762249946594238,False,2025-10-25 15:42:28,0,0.0,100347230027776.0,0.79185835
20862,545,26,-1.0,3.4725332260131836,False,2025-10-25 15:42:33,0,0.0,100814534213632.0,0.79159861
20936,546,74,-1.0,22.238837480545044,False,2025-10-25 15:42:56,0,0.0,7199790202880.0,0.79085935
20984,547,48,-1.0,10.311736345291138,False,2025-10-25 15:43:07,0,0.0,56988192997376.0,0.79037983
21027,548,43,-1.0,150.10522079467773,False,2025-10-25 15:45:39,0,0.0,14289432739840.0,0.78995026
21071,549,44,1.0,10.59988522529602,True,2025-10-25 15:45:50,0,0.0,63549917364224.0,0.7895107
21113,550,42,-1.0,8.525085926055908,False,2025-10-25 15:46:00,0,0.0,58077743153152.0,0.78909112
21167,551,54,-1.0,11.394549131393433,False,2025-10-25 15:46:12,0,0.0,35488215859200.0,0.78855166
21194,552,27,-1.0,4.308138370513916,False,2025-10-25 15:46:18,0,0.0,67789511458816.0,0.78828193
21255,553,61,-1.0,44.78393268585205,False,2025-10-25 15:47:04,0,0.0,44392211546112.0,0.78767254
21327,554,72,1.0,26.836723804473877,True,2025-10-25 15:47:32,0,0.0,67503678029824.0,0.78695326
21375,555,48,-1.0,9.841645002365112,False,2025-10-25 15:47:43,0,0.0,190539966185472.0,0.7864737399999999
21412,556,37,1.0,12.086388111114502,True,2025-10-25 15:47:56,0,0.0,64810788061184.0,0.78610411
21439,557,27,-1.0,4.531738042831421,False,2025-10-25 15:48:01,0,0.0,76269358153728.0,0.78583438
21469,558,30,-1.0,5.734094142913818,False,2025-10-25 15:48:08,0,0.0,18264648318976.0,0.78553468
21501,559,32,-1.0,5.85978627204895,False,2025-10-25 15:48:15,0,0.0,10607455633408.0,0.785215
21547,560,46,-1.0,11.22749638557434,False,2025-10-25 15:48:28,0,0.0,18890610442240.0,0.78475546
21577,561,30,-1.0,5.99187445640564,False,2025-10-25 15:48:36,0,0.0,77720553783296.0,0.78445576
21603,562,26,-1.0,29.990219116210938,False,2025-10-25 15:49:08,0,0.0,104717518635008.0,0.78419602
21642,563,39,-1.0,7.37270712852478,False,2025-10-25 15:49:16,0,0.0,79471533096960.0,0.78380641
21693,564,51,-1.0,18.75171208381653,False,2025-10-25 15:49:37,0,0.0,56134794739712.0,0.78329692
21732,565,39,-1.0,6.967617988586426,False,2025-10-25 15:49:45,0,0.0,136370739740672.0,0.78290731
21762,566,30,-1.0,14.65413784980774,False,2025-10-25 15:50:01,0,0.0,46996052246528.0,0.78260761
21787,567,25,-1.0,3.690124034881592,False,2025-10-25 15:50:06,0,0.0,122235482275840.0,0.78235786
21817,568,30,-1.0,4.558877229690552,False,2025-10-25 15:50:12,0,0.0,26111115264000.0,0.7820581600000001
21839,569,22,-1.0,2.8288934230804443,False,2025-10-25 15:50:16,0,0.0,76713333620736.0,0.7818383799999999
21899,570,60,1.0,41.72825360298157,True,2025-10-25 15:51:00,0,0.0,61548781371392.0,0.78123898
21924,571,25,-1.0,4.016047477722168,False,2025-10-25 15:51:06,0,0.0,48789016543232.0,0.78098923
21945,572,21,-1.0,2.8164680004119873,False,2025-10-25 15:51:09,0,0.0,103787909873664.0,0.78077944
21992,573,47,1.0,8.288743257522583,True,2025-10-25 15:51:19,0,0.0,17601205895168.0,0.7803099099999999
22023,574,31,-1.0,117.94980764389038,False,2025-10-25 15:53:18,0,0.0,94639621144576.0,0.78000022
22062,575,39,-1.0,10.312865018844604,False,2025-10-25 15:53:29,0,0.0,95900655419392.0,0.77961061
22088,576,26,-1.0,58.952213287353516,False,2025-10-25 15:54:31,0,0.0,116250176913408.0,0.77935087
22117,577,29,-1.0,5.197520732879639,False,2025-10-25 15:54:40,0,0.0,21511933001728.0,0.77906116
22152,578,35,1.0,6.669748306274414,True,2025-10-25 15:54:48,0,0.0,45523268534272.0,0.7787115099999999
22211,579,59,-1.0,17.265812397003174,False,2025-10-25 15:55:07,0,0.0,15536450699264.0,0.7781221
22258,580,47,-1.0,15.666099309921265,False,2025-10-25 15:55:23,0,0.0,14741073297408.0,0.77765257
22291,581,33,-1.0,6.4232306480407715,False,2025-10-25 15:55:31,0,0.0,38549059534848.0,0.7773229
22317,582,26,-1.0,6.042041778564453,False,2025-10-25 15:55:39,0,0.0,109834124918784.0,0.77706316
22346,583,29,-1.0,5.321646451950073,False,2025-10-25 15:55:45,0,0.0,56147016941568.0,0.77677345
22369,584,23,-1.0,4.0950233936309814,False,2025-10-25 15:55:50,0,0.0,60981082324992.0,0.7765436800000001
22396,585,27,-1.0,5.023836135864258,False,2025-10-25 15:55:57,0,0.0,59509380743168.0,0.77627395
22422,586,26,-1.0,4.425796031951904,False,2025-10-25 15:56:03,0,0.0,25236896481280.0,0.77601421
22512,587,90,-1.0,77.00451922416687,False,2025-10-25 15:57:21,0,0.0,158911692800000.0,0.77511511
22547,588,35,-1.0,4.406774044036865,False,2025-10-25 15:57:26,0,0.0,67107886727168.0,0.77476546
22586,589,39,-1.0,7.6426050662994385,False,2025-10-25 15:57:36,0,0.0,63483680915456.0,0.77437585
22661,590,75,1.0,26.21261191368103,True,2025-10-25 15:58:04,0,0.0,36876215910400.0,0.7736266
22697,591,36,-1.0,6.079195737838745,False,2025-10-25 15:58:11,0,0.0,36897652998144.0,0.77326696
22727,592,30,-1.0,14.49012041091919,False,2025-10-25 15:58:27,0,0.0,104813945683968.0,0.77296726
22787,593,60,-1.0,14.695938110351562,False,2025-10-25 15:58:43,0,0.0,17252623581184.0,0.77236786
22832,594,45,-1.0,8.183383703231812,False,2025-10-25 15:58:53,0,0.0,88714587930624.0,0.77191831
22863,595,31,-1.0,7.631851434707642,False,2025-10-25 15:59:02,0,0.0,42777249316864.0,0.7716086200000001
22908,596,45,-1.0,10.154043674468994,False,2025-10-25 15:59:13,0,0.0,17961748267008.0,0.77115907
22957,597,49,-1.0,10.689872026443481,False,2025-10-25 15:59:26,0,0.0,75075583737856.0,0.77066956
22989,598,32,-1.0,6.302063703536987,False,2025-10-25 15:59:33,0,0.0,72594376097792.0,0.7703498799999999
23087,599,98,1.0,235.3301248550415,True,2025-10-25 16:03:30,0,0.0,14788046356480.0,0.76937086
23126,600,39,-1.0,7.020806550979614,False,2025-10-25 16:03:39,0,0.0,20553322725376.0,0.76898125
23175,601,49,-1.0,21.927122592926025,False,2025-10-25 16:04:02,0,0.0,30086998786048.0,0.76849174
23220,602,45,-1.0,8.683915615081787,False,2025-10-25 16:04:13,0,0.0,53839138914304.0,0.76804219
23279,603,59,-1.0,14.085769176483154,False,2025-10-25 16:04:28,0,0.0,223797575680000.0,0.76745278
23327,604,48,-1.0,14.200604438781738,False,2025-10-25 16:04:43,0,0.0,76443967029248.0,0.76697326
23355,605,28,-1.0,4.884286642074585,False,2025-10-25 16:04:50,0,0.0,35863920640000.0,0.76669354
23408,606,53,-1.0,10.722687244415283,False,2025-10-25 16:05:02,0,0.0,44532448100352.0,0.76616407
23448,607,40,-1.0,8.221244096755981,False,2025-10-25 16:05:11,0,0.0,115467343626240.0,0.7657644699999999
23477,608,29,-1.0,17.542909622192383,False,2025-10-25 16:05:31,0,0.0,22954918281216.0,0.76547476
23523,609,46,-1.0,5.851881742477417,False,2025-10-25 16:05:38,0,0.0,58512390488064.0,0.76501522
23545,610,22,-1.0,2.409665107727051,False,2025-10-25 16:05:41,0,0.0,22921823125504.0,0.76479544
23582,611,37,-1.0,4.608418703079224,False,2025-10-25 16:05:48,0,0.0,42463662178304.0,0.76442581
23617,612,35,-1.0,3.9642977714538574,False,2025-10-25 16:05:53,0,0.0,84615427522560.0,0.76407616
23642,613,25,-1.0,3.494279384613037,False,2025-10-25 16:05:57,0,0.0,152001207861248.0,0.76382641
