total_steps,episode,episode_steps,episode_reward,episode_time,win,repeated,loss,epsilon,intrinsic_reward
59,1,59,5.280000000000003,6.677123308181763,False,0,3.902775287628174,0.0,0.0
93,2,34,4.78,2.7442195415496826,False,1,3.899963855743408,0.0,0.0
123,3,30,4.8,3.2023818492889404,False,1,3.888390064239502,0.0,0.0
167,4,44,4.1,5.0254902839660645,False,1,3.7497029304504395,0.0,0.0
252,5,85,5.999999999999999,16.856140613555908,True,1,3.8861730098724365,0.0,0.0
311,6,59,3.48,15.146408557891846,False,2,3.880493640899658,0.0,0.0
339,7,28,4.88,5.1063737869262695,False,2,3.7409517765045166,0.0,0.0
371,8,32,6.0,5.6158623695373535,True,2,3.779669761657715,0.0,0.0
408,9,37,3.37,7.454063415527344,False,3,3.8132107257843018,0.0,0.0
499,10,91,4.37,34.5517418384552,False,3,3.802130699157715,0.0,0.0
542,11,43,5.999999999999997,8.574402809143066,True,3,3.791677474975586,0.0,0.0
571,12,29,3.8099999999999996,5.152611017227173,False,3,3.7386674880981445,0.0,0.0
625,13,54,5.999999999999999,12.608781814575195,True,3,3.8240785598754883,0.0,0.0
683,14,58,4.09,14.507463932037354,False,3,3.6934399604797363,0.0,0.0
710,15,27,2.0,4.827505111694336,False,3,3.7816853523254395,0.0,0.0
738,16,28,1.3099999999999992,4.756127834320068,False,3,3.688234329223633,0.0,0.0
771,17,33,4.76,8.120692253112793,False,3,3.89567494392395,0.0,0.0
797,18,26,5.199999999999999,5.618738651275635,False,3,3.634049415588379,0.0,0.0
845,19,48,3.8000000000000007,11.377468585968018,False,3,3.8799662590026855,0.0,0.0
864,20,19,1.64,2.5925965309143066,False,3,3.910393238067627,0.0,0.0
885,21,21,1.0,3.4804975986480713,False,3,3.778569221496582,0.0,0.0
923,22,38,4.29,6.934806823730469,False,3,3.7171950340270996,0.0,0.0
950,23,27,2.91,4.560399055480957,False,3,3.795135021209717,0.0,0.0
982,24,32,6.0,5.674524545669556,True,3,3.720287322998047,0.0,0.0
1006,25,24,5.45,4.266321420669556,False,3,3.7132489681243896,0.0,0.0
1033,26,27,4.41,4.824292182922363,False,3,3.7709858417510986,0.0,0.0
1075,27,42,6.0,9.48965311050415,True,3,3.793584108352661,0.0,0.0
1133,28,58,4.0,18.011972665786743,False,3,3.679576873779297,0.0,0.0
1178,29,45,6.0,10.31516432762146,True,3,3.8228836059570312,0.0,0.0
1239,30,61,4.72,15.52314043045044,False,3,3.728253126144409,0.0,0.0
1272,31,33,6.0,6.046330213546753,True,3,3.8039915561676025,0.0,0.0
1306,32,34,3.49,7.320098161697388,False,3,3.5708227157592773,0.0,0.0
1398,33,92,6.000000000000009,35.219250440597534,True,3,3.642080783843994,0.0,0.0
1426,34,28,4.75,5.007285118103027,False,4,3.59932017326355,0.0,0.0
1486,35,60,6.0,14.539600133895874,True,4,3.681730031967163,0.0,0.0
1538,36,52,5.0,12.649791955947876,True,4,3.811126708984375,0.0,0.0
1568,37,30,4.69,4.908569097518921,False,4,3.7875022888183594,0.0,0.0
1602,38,34,2.0,6.359642267227173,False,4,3.6890997886657715,0.0,0.0
1634,39,32,3.75,5.854750394821167,False,4,3.6531271934509277,0.0,0.0
1659,40,25,4.1899999999999995,3.8225250244140625,False,4,3.539429187774658,0.0,0.0
1689,41,30,3.52,7.4407994747161865,False,4,3.8337020874023438,0.0,0.0
1728,42,39,4.99,10.869055986404419,False,4,3.851285457611084,0.0,0.0
1768,43,40,6.0,8.270023584365845,True,4,3.763439416885376,0.0,0.0
1808,44,40,2.17,8.872896194458008,False,4,3.600886821746826,0.0,0.0
1843,45,35,3.3200000000000003,6.86981725692749,False,4,3.7614870071411133,0.0,0.0
1873,46,30,3.189999999999999,6.447183132171631,False,4,3.7009084224700928,0.0,0.0
1963,47,90,5.999999999999999,35.84561014175415,True,4,3.587372303009033,0.0,0.0
2001,48,38,3.6900000000000004,10.114208459854126,False,4,3.7697641849517822,0.0,0.0
2027,49,26,1.2200000000000002,4.115659952163696,False,4,3.777498245239258,0.0,0.0
2059,50,32,6.000000000000002,5.852577209472656,True,4,3.7458698749542236,0.0,0.0
2081,51,22,3.47,3.791537284851074,False,4,3.6308419704437256,0.0,0.0
2111,52,30,1.25,5.794392108917236,False,4,3.6542818546295166,0.0,0.0
2142,53,31,4.65,5.071029186248779,False,4,3.628296375274658,0.0,0.0
2175,54,33,3.4699999999999998,6.4997406005859375,False,4,3.716749906539917,0.0,0.0
2239,55,64,2.1899999999999995,10.65712857246399,False,4,3.4708142280578613,0.0,0.0
2267,56,28,4.999999999999999,3.040295124053955,False,4,3.557192802429199,0.0,0.0
2310,57,43,5.3,5.859475612640381,False,4,3.5621397495269775,0.0,0.0
2345,58,35,4.489999999999999,5.578464031219482,False,4,3.4846653938293457,0.0,0.0
2383,59,38,3.3999999999999995,8.201932430267334,False,4,3.6295127868652344,0.0,0.0
2414,60,31,3.5000000000000004,4.59882378578186,False,4,3.732619047164917,0.0,0.0
2461,61,47,5.259999999999999,7.781657695770264,False,4,3.6733202934265137,0.0,0.0
2495,62,34,6.000000000000001,5.732087135314941,True,4,3.578212022781372,0.0,0.0
2531,63,36,4.0,8.274208545684814,False,4,3.723158121109009,0.0,0.0
2566,64,35,3.46,8.165637731552124,False,4,3.775571823120117,0.0,0.0
2589,65,23,3.49,5.142380475997925,False,4,3.651869297027588,0.0,0.0
2619,66,30,1.17,7.067381143569946,False,4,3.699812650680542,0.0,0.0
2652,67,33,4.660000000000001,7.744170904159546,False,4,3.4413836002349854,0.0,0.0
2703,68,51,4.999999999999998,18.47580075263977,False,4,3.7438783645629883,0.0,0.0
2823,69,120,6.0,63.69703435897827,True,4,3.8123016357421875,0.0,0.0
2854,70,31,3.8899999999999997,9.546081304550171,False,4,3.826775550842285,0.0,0.0
2902,71,48,3.8700000000000006,13.990005493164062,False,4,3.7176403999328613,0.0,0.0
2948,72,46,2.17,11.676897525787354,False,4,3.6440834999084473,0.0,0.0
2973,73,25,6.0,5.655493974685669,True,4,3.684022903442383,0.0,0.0
3016,74,43,3.13,10.962002515792847,False,4,3.493607997894287,0.0,0.0
3073,75,57,4.95,17.561529397964478,False,4,3.6494715213775635,0.0,0.0
3094,76,21,6.0,4.947815179824829,True,4,3.6797304153442383,0.0,0.0
3128,77,34,5.87,9.937979936599731,False,4,3.6046032905578613,0.0,0.0
3153,78,25,3.11,6.232836484909058,False,4,3.500225067138672,0.0,0.0
3181,79,28,4.0,5.44486141204834,False,4,3.71621036529541,0.0,0.0
3224,80,43,3.72,11.650174617767334,False,4,3.633112907409668,0.0,0.0
3256,81,32,1.63,6.628141403198242,False,4,3.591217279434204,0.0,0.0
3296,82,40,2.26,9.870191812515259,False,4,3.7668278217315674,0.0,0.0
3326,83,30,6.0,6.1467671394348145,True,4,3.5329322814941406,0.0,0.0
3361,84,35,5.76,8.246142864227295,False,4,3.611670970916748,0.0,0.0
3404,85,43,6.000000000000002,14.082501649856567,True,4,3.557832717895508,0.0,0.0
3456,86,52,6.000000000000001,15.7930269241333,True,4,3.564960479736328,0.0,0.0
3515,87,59,5.169999999999999,19.131956100463867,False,4,3.5939176082611084,0.0,0.0
3553,88,38,2.5300000000000002,9.409384727478027,False,4,3.623678684234619,0.0,0.0
3600,89,47,5.999999999999999,12.257436275482178,True,4,3.6135222911834717,0.0,0.0
3626,90,26,6.0,5.820719957351685,True,4,3.405571699142456,0.0,0.0
3728,91,102,4.830000000000001,52.04658246040344,False,4,3.4416189193725586,0.0,0.0
3768,92,40,6.0,10.522187232971191,True,4,3.629354476928711,0.0,0.0
3800,93,32,5.0,6.514336585998535,False,4,3.81396484375,0.0,0.0
3841,94,41,1.93,12.822164535522461,False,4,3.6608994007110596,0.0,0.0
3875,95,34,6.000000000000001,9.169299125671387,True,4,3.63025164604187,0.0,0.0
3907,96,32,5.0,7.568259239196777,False,4,3.553316116333008,0.0,0.0
3933,97,26,4.0,4.784172296524048,False,4,3.6988887786865234,0.0,0.0
3958,98,25,1.0,5.70843243598938,False,4,3.258718490600586,0.0,0.0
3986,99,28,3.98,6.25559663772583,False,4,3.708120107650757,0.0,0.0
4020,100,34,4.669999999999999,8.358090877532959,False,4,3.6623101234436035,0.0,0.0
4056,101,36,6.0,8.746103525161743,True,4,3.4810192584991455,0.0,0.0
4082,102,26,5.2,5.765219688415527,False,4,3.4565072059631348,0.0,0.0
4113,103,31,5.86,6.30176305770874,False,4,3.664076805114746,0.0,0.0
4154,104,41,2.3000000000000003,12.744572877883911,False,4,3.727023124694824,0.0,0.0
4198,105,44,5.0,11.580217361450195,False,4,3.6639902591705322,0.0,0.0
4230,106,32,5.910000000000001,5.816347599029541,False,4,3.6879773139953613,0.0,0.0
4280,107,50,4.159999999999999,11.50531816482544,False,4,3.654141902923584,0.0,0.0
4304,108,24,5.96,3.7021257877349854,False,4,3.558084726333618,0.0,0.0
4330,109,26,6.0,5.226233720779419,True,4,3.619283676147461,0.0,0.0
4372,110,42,2.0,9.736134767532349,False,4,3.633903980255127,0.0,0.0
4416,111,44,3.2199999999999998,4.997948169708252,False,4,3.6927237510681152,0.0,0.0
4457,112,41,4.56,4.4208760261535645,False,4,3.6237850189208984,0.0,0.0
4535,113,78,6.0,13.401453256607056,True,4,3.575587749481201,0.0,0.0
4588,114,53,5.999999999999998,7.08415961265564,True,4,3.6445960998535156,0.0,0.0
4667,115,79,5.08,12.57944369316101,False,4,3.4740240573883057,0.0,0.0
4699,116,32,6.000000000000002,2.498547315597534,True,4,3.67934250831604,0.0,0.0
4736,117,37,5.42,3.727454662322998,False,4,3.625555992126465,0.0,0.0
4779,118,43,2.4300000000000006,4.553560495376587,False,4,3.687040328979492,0.0,0.0
4803,119,24,3.0,2.3725056648254395,False,4,3.5266196727752686,0.0,0.0
4830,120,27,6.0,2.0896835327148438,True,4,3.619004249572754,0.0,0.0
4863,121,33,6.0,3.3675448894500732,True,4,3.7295310497283936,0.0,0.0
4902,122,39,4.8500000000000005,4.300861358642578,False,4,3.40459942817688,0.0,0.0
4934,123,32,5.92,2.4442837238311768,False,4,3.3282172679901123,0.0,0.0
4982,124,48,4.660000000000001,5.374695539474487,False,4,3.55436110496521,0.0,0.0
5012,125,30,2.33,3.105677604675293,False,4,3.6373836994171143,0.0,0.0
5050,126,38,4.27,4.10392951965332,False,4,3.5760066509246826,0.0,0.0
5086,127,36,5.999999999999998,3.9702892303466797,True,4,3.5368192195892334,0.0,0.0
5128,128,42,3.089999999999999,5.893849611282349,False,4,3.5581283569335938,0.0,0.0
5185,129,57,5.430000000000002,7.773386478424072,False,4,3.508307456970215,0.0,0.0
5202,130,17,2.2,1.8554399013519287,False,4,3.5639419555664062,0.0,0.0
5243,131,41,3.91,4.660169839859009,False,4,3.6042726039886475,0.0,0.0
5301,132,58,5.999999999999999,6.997686862945557,True,4,3.5193026065826416,0.0,0.0
5339,133,38,0.99,4.091980934143066,False,4,3.674814224243164,0.0,0.0
5366,134,27,4.88,2.7325117588043213,False,4,3.4156808853149414,0.0,0.0
5399,135,33,2.84,2.614509105682373,False,4,3.5755977630615234,0.0,0.0
5429,136,30,2.4899999999999998,3.379666566848755,False,4,3.683269500732422,0.0,0.0
5469,137,40,5.999999999999999,3.9896228313446045,True,4,3.7014970779418945,0.0,0.0
5540,138,71,5.69,9.88838529586792,False,4,3.5055456161499023,0.0,0.0
5562,139,22,1.1,1.6839847564697266,False,4,3.5850062370300293,0.0,0.0
5596,140,34,4.920000000000001,2.5137667655944824,False,4,3.5383834838867188,0.0,0.0
5655,141,59,4.359999999999999,7.408542633056641,False,4,3.616036891937256,0.0,0.0
5689,142,34,5.53,3.865654706954956,False,4,3.5845015048980713,0.0,0.0
5715,143,26,5.999999999999999,2.8441002368927,True,4,3.6956911087036133,0.0,0.0
5762,144,47,4.390000000000001,7.373226165771484,False,4,3.5227019786834717,0.0,0.0
5801,145,39,1.2999999999999998,5.218033790588379,False,4,3.6170029640197754,0.0,0.0
5836,146,35,6.0,3.3083462715148926,True,4,3.43025803565979,0.0,0.0
5905,147,69,4.91,9.900670051574707,False,4,3.5183424949645996,0.0,0.0
5941,148,36,3.1399999999999997,3.0353026390075684,False,4,3.366424798965454,0.0,0.0
6010,149,69,4.800000000000001,10.1564781665802,False,4,3.4425039291381836,0.0,0.0
6041,150,31,3.089999999999999,3.1975643634796143,False,4,3.4277758598327637,0.0,0.0
6080,151,39,6.0,3.961360216140747,True,4,3.523643970489502,0.0,0.0
6111,152,31,6.0,2.3623266220092773,True,4,3.3110597133636475,0.0,0.0
6152,153,41,2.8,4.416585445404053,False,4,3.533670663833618,0.0,0.0
6171,154,19,6.0,1.1909325122833252,True,4,3.524749755859375,0.0,0.0
6216,155,45,6.000000000000001,4.82828164100647,True,4,3.577969789505005,0.0,0.0
6254,156,38,5.149999999999999,4.866032838821411,False,4,3.3158528804779053,0.0,0.0
6286,157,32,5.3999999999999995,2.7119944095611572,False,4,3.5461959838867188,0.0,0.0
6324,158,38,3.3999999999999995,5.521301746368408,False,4,3.3687684535980225,0.0,0.0
6364,159,40,6.000000000000001,7.005364656448364,True,4,3.5477488040924072,0.0,0.0
6432,160,68,5.399999999999999,10.764251470565796,False,4,3.567722797393799,0.0,0.0
6463,161,31,4.3100000000000005,3.520655393600464,False,4,3.4058642387390137,0.0,0.0
6484,162,21,4.5600000000000005,1.5509567260742188,False,4,3.3685507774353027,0.0,0.0
6523,163,39,3.8900000000000006,4.422336578369141,False,4,3.5806522369384766,0.0,0.0
6567,164,44,5.999999999999999,5.210555076599121,True,4,3.441321849822998,0.0,0.0
6638,165,71,5.0,10.031776666641235,False,4,3.4734089374542236,0.0,0.0
6670,166,32,2.56,3.665247678756714,False,4,3.3573265075683594,0.0,0.0
6694,167,24,1.3399999999999999,1.7777423858642578,False,4,3.572330951690674,0.0,0.0
6806,168,112,5.5,27.283040523529053,False,4,3.312725067138672,0.0,0.0
6851,169,45,6.000000000000002,6.405317306518555,True,4,3.327820301055908,0.0,0.0
6887,170,36,5.999999999999999,3.769522190093994,True,4,3.465867280960083,0.0,0.0
6929,171,42,5.999999999999998,5.002101421356201,True,4,3.5274412631988525,0.0,0.0
7013,172,84,6.0,14.038062572479248,True,4,3.2725229263305664,0.0,0.0
7030,173,17,1.18,2.073479175567627,False,4,3.2165920734405518,0.0,0.0
7055,174,25,3.4,1.9204859733581543,False,4,3.3981847763061523,0.0,0.0
7090,175,35,2.54,4.113803386688232,False,4,3.303809404373169,0.0,0.0
7117,176,27,6.000000000000001,2.1154072284698486,True,4,3.5387187004089355,0.0,0.0
7140,177,23,1.0299999999999998,1.704585075378418,False,4,3.6437954902648926,0.0,0.0
7183,178,43,4.929999999999999,4.990802049636841,False,4,3.5372231006622314,0.0,0.0
7211,179,28,4.26,2.317427158355713,False,4,3.4285545349121094,0.0,0.0
7256,180,45,6.000000000000001,5.1511759757995605,True,4,3.5866925716400146,0.0,0.0
7296,181,40,5.120000000000001,4.536520481109619,False,4,3.435579299926758,0.0,0.0
7350,182,54,2.62,6.930759906768799,False,4,3.410395860671997,0.0,0.0
7391,183,41,5.18,6.338586807250977,False,4,3.477628707885742,0.0,0.0
7447,184,56,2.6399999999999997,8.812557220458984,False,4,3.5484368801116943,0.0,0.0
7481,185,34,5.999999999999999,2.986283302307129,True,4,3.454232692718506,0.0,0.0
7502,186,21,2.33,1.6111071109771729,False,4,3.1358230113983154,0.0,0.0
7540,187,38,5.999999999999999,4.756145715713501,True,4,3.4970431327819824,0.0,0.0
7585,188,45,2.67,5.897315979003906,False,4,3.3910720348358154,0.0,0.0
7637,189,52,4.69,6.820681810379028,False,4,3.287902593612671,0.0,0.0
7688,190,51,4.929999999999999,6.069917917251587,False,4,3.4480435848236084,0.0,0.0
7724,191,36,5.999999999999997,4.674490690231323,True,4,3.372638702392578,0.0,0.0
7762,192,38,5.759999999999999,3.8331828117370605,False,4,3.3208065032958984,0.0,0.0
7792,193,30,4.949999999999999,3.4903223514556885,False,4,3.6388144493103027,0.0,0.0
7831,194,39,5.53,5.358116865158081,False,4,3.4186949729919434,0.0,0.0
7861,195,30,3.5500000000000003,2.249969005584717,False,4,3.0625178813934326,0.0,0.0
7890,196,29,3.0,2.2192459106445312,False,4,3.3359262943267822,0.0,0.0
7909,197,19,2.0,2.24700927734375,False,4,3.4315872192382812,0.0,0.0
7941,198,32,5.409999999999998,2.738441228866577,False,4,3.0174245834350586,0.0,0.0
7991,199,50,3.0,6.956171274185181,False,4,3.43935489654541,0.0,0.0
8059,200,68,5.999999999999999,10.233182668685913,True,4,3.389951705932617,0.0,0.0
8135,201,76,4.3999999999999995,11.77878713607788,False,4,3.325207233428955,0.0,0.0
8178,202,43,3.809999999999999,4.72640061378479,False,4,3.3118672370910645,0.0,0.0
8226,203,48,2.7599999999999993,5.219364881515503,False,4,3.2685887813568115,0.0,0.0
8264,204,38,4.0,3.080416202545166,False,4,3.2265241146087646,0.0,0.0
8300,205,36,6.0,4.037877321243286,True,4,3.328403949737549,0.0,0.0
8327,206,27,3.8499999999999996,2.0909082889556885,False,4,3.2180464267730713,0.0,0.0
8353,207,26,6.0,1.9473776817321777,True,4,3.4117817878723145,0.0,0.0
8382,208,29,3.93,3.292306423187256,False,4,3.2130837440490723,0.0,0.0
8461,209,79,6.0,12.721469402313232,True,4,3.1713407039642334,0.0,0.0
8515,210,54,5.31,7.5516135692596436,False,4,3.3159327507019043,0.0,0.0
8576,211,61,6.0,11.436867237091064,True,4,3.429231643676758,0.0,0.0
8621,212,45,4.3,5.423789978027344,False,4,3.3312487602233887,0.0,0.0
8650,213,29,2.68,3.4097604751586914,False,4,3.3343000411987305,0.0,0.0
8698,214,48,4.95,5.272813320159912,False,4,3.284027099609375,0.0,0.0
8722,215,24,6.0,1.9839446544647217,True,4,3.5138895511627197,0.0,0.0
8748,216,26,2.8099999999999996,1.481445074081421,False,4,3.496427536010742,0.0,0.0
8772,217,24,2.11,1.6643378734588623,False,4,3.4375240802764893,0.0,0.0
8809,218,37,4.0,4.772027969360352,False,4,3.2455601692199707,0.0,0.0
8858,219,49,6.0,6.553527355194092,True,4,3.400541305541992,0.0,0.0
8895,220,37,6.0,3.2130379676818848,True,4,3.0984787940979004,0.0,0.0
8968,221,73,6.000000000000004,12.69455361366272,True,4,3.149526834487915,0.0,0.0
8992,222,24,2.0,1.7618310451507568,False,4,3.212693929672241,0.0,0.0
9040,223,48,6.0,5.799023628234863,True,4,3.230731248855591,0.0,0.0
9085,224,45,3.58,6.4591920375823975,False,4,2.9586234092712402,0.0,0.0
9131,225,46,5.64,5.073302984237671,False,4,3.0235812664031982,0.0,0.0
9203,226,72,5.999999999999999,11.419942617416382,True,4,3.0543618202209473,0.0,0.0
9249,227,46,4.06,5.594993352890015,False,4,3.229275941848755,0.0,0.0
9276,228,27,0.5900000000000001,3.6041975021362305,False,4,3.2008044719696045,0.0,0.0
9328,229,52,4.47,6.295263290405273,False,4,3.3157460689544678,0.0,0.0
9384,230,56,2.0,6.865615129470825,False,4,3.179863929748535,0.0,0.0
9428,231,44,6.000000000000002,5.975939035415649,True,4,3.0789928436279297,0.0,0.0
9458,232,30,4.8100000000000005,2.6721882820129395,False,4,2.99316668510437,0.0,0.0
9486,233,28,2.24,2.6512861251831055,False,4,3.066405773162842,0.0,0.0
9512,234,26,3.02,3.4557042121887207,False,4,2.819827079772949,0.0,0.0
9545,235,33,2.63,3.2914481163024902,False,4,2.813185691833496,0.0,0.0
9576,236,31,2.05,2.7574503421783447,False,4,3.1070070266723633,0.0,0.0
9601,237,25,1.0,3.85398268699646,False,4,3.18650484085083,0.0,0.0
9644,238,43,6.0,5.460712909698486,True,4,3.0899746417999268,0.0,0.0
9702,239,58,3.9999999999999996,12.654694557189941,False,4,2.989372491836548,0.0,0.0
9733,240,31,3.46,2.99871563911438,False,4,3.159982681274414,0.0,0.0
9795,241,62,4.96,10.097940444946289,False,4,3.1559650897979736,0.0,0.0
9844,242,49,4.000000000000001,4.9168701171875,False,4,3.3181228637695312,0.0,0.0
9859,243,15,1.45,2.3315815925598145,False,4,3.021026372909546,0.0,0.0
9893,244,34,4.27,3.0490708351135254,False,4,3.0646402835845947,0.0,0.0
9921,245,28,2.7800000000000002,2.642767906188965,False,4,3.1529383659362793,0.0,0.0
9975,246,54,6.0,6.530946493148804,True,4,3.2023510932922363,0.0,0.0
10036,247,61,11.000000000000004,67.72169017791748,True,4,3.173750638961792,0.0,0.0
10127,248,91,6.000000000000003,15.748046159744263,True,5,3.0007777214050293,0.0,0.0
10170,249,43,5.280000000000001,5.017691135406494,False,5,3.132063150405884,0.0,0.0
10204,250,34,4.0,2.8558642864227295,False,5,2.9639594554901123,0.0,0.0
10237,251,33,5.57,3.971223831176758,False,5,3.117236375808716,0.0,0.0
10278,252,41,6.0,3.677109479904175,True,5,3.082772970199585,0.0,0.0
10302,253,24,3.0,2.6345839500427246,False,5,3.0263314247131348,0.0,0.0
10342,254,40,5.999999999999998,6.581990718841553,True,5,3.020798683166504,0.0,0.0
10373,255,31,4.6000000000000005,4.1544764041900635,False,5,3.0970473289489746,0.0,0.0
10413,256,40,5.829999999999998,4.776757717132568,False,5,3.1283512115478516,0.0,0.0
10452,257,39,5.0,3.7205448150634766,False,5,3.197061061859131,0.0,0.0
10508,258,56,3.999999999999999,7.113559246063232,False,5,3.0339291095733643,0.0,0.0
10541,259,33,4.949999999999999,4.2232725620269775,False,5,3.2718796730041504,0.0,0.0
10561,260,20,0.8200000000000001,1.4814376831054688,False,5,3.0773816108703613,0.0,0.0
10605,261,44,5.529999999999999,5.182115077972412,False,5,3.149428367614746,0.0,0.0
10631,262,26,4.68,1.9187393188476562,False,5,3.2231760025024414,0.0,0.0
10665,263,34,3.1500000000000004,2.7153425216674805,False,5,2.89174485206604,0.0,0.0
10721,264,56,6.000000000000001,6.839218854904175,True,5,3.0771632194519043,0.0,0.0
10762,265,41,4.43,1654.0311694145203,False,5,3.0474026203155518,0.0,0.0
10793,266,31,2.07,4.133202075958252,False,5,3.1628215312957764,0.0,0.0
10902,267,109,2.999999999999999,44.605947494506836,False,5,3.1359970569610596,0.0,0.0
10933,268,31,5.869999999999999,5.808041095733643,False,5,3.2772676944732666,0.0,0.0
10990,269,57,5.3300000000000045,15.945152997970581,False,5,3.1787376403808594,0.0,0.0
11025,270,35,6.000000000000002,8.769923210144043,True,5,3.130793333053589,0.0,0.0
11063,271,38,3.879999999999999,11.31136441230774,False,5,3.1666183471679688,0.0,0.0
11131,272,68,6.000000000000001,22.06129479408264,True,5,3.134385585784912,0.0,0.0
11167,273,36,5.999999999999999,7.269930601119995,True,5,2.946446657180786,0.0,0.0
11199,274,32,2.6500000000000004,6.103188514709473,False,5,3.0525615215301514,0.0,0.0
11267,275,68,6.000000000000001,24.214118242263794,True,5,3.086764335632324,0.0,0.0
11308,276,41,3.25,11.348762512207031,False,5,2.9181487560272217,0.0,0.0
11337,277,29,2.3,7.602961301803589,False,5,2.8520872592926025,0.0,0.0
11388,278,51,5.999999999999999,13.673985719680786,True,5,3.182150363922119,0.0,0.0
11488,279,100,4.000000000000001,38.360713958740234,False,5,3.1705617904663086,0.0,0.0
11523,280,35,4.199999999999999,11.585583209991455,False,5,3.2419517040252686,0.0,0.0
11555,281,32,6.0,7.662259101867676,True,5,2.9968361854553223,0.0,0.0
11600,282,45,4.59,12.486671686172485,False,5,2.96755051612854,0.0,0.0
11638,283,38,4.539999999999999,7.6891772747039795,False,5,2.9765005111694336,0.0,0.0
11716,284,78,5.030000000000001,25.567891597747803,False,5,2.9987661838531494,0.0,0.0
11741,285,25,6.0,4.35247278213501,True,5,3.0034708976745605,0.0,0.0
11834,286,93,5.999999999999999,42.98135566711426,True,5,2.946713924407959,0.0,0.0
11873,287,39,5.6499999999999995,8.08433747291565,False,5,2.906515598297119,0.0,0.0
11916,288,43,6.0,11.935651779174805,True,5,3.003438711166382,0.0,0.0
11960,289,44,6.0,9.675889492034912,True,5,3.1233034133911133,0.0,0.0
12016,290,56,6.0,18.50901746749878,True,5,2.667109727859497,0.0,0.0
12044,291,28,6.000000000000001,6.10213303565979,True,5,2.918308734893799,0.0,0.0
12080,292,36,3.69,9.230247974395752,False,5,2.8200414180755615,0.0,0.0
12138,293,58,5.999999999999999,15.408238172531128,True,5,3.2527871131896973,0.0,0.0
12175,294,37,5.999999999999998,7.938898086547852,True,5,2.9044618606567383,0.0,0.0
12217,295,42,5.999999999999999,10.963258028030396,True,5,2.7071585655212402,0.0,0.0
12318,296,101,4.95,42.31510639190674,False,5,2.7393574714660645,0.0,0.0
12365,297,47,5.0,12.112166404724121,False,5,3.0199477672576904,0.0,0.0
12400,298,35,4.289999999999999,6.476476430892944,False,5,2.876488208770752,0.0,0.0
12432,299,32,5.39,8.081510066986084,False,5,3.073408603668213,0.0,0.0
12472,300,40,6.0,7.886890411376953,True,5,2.908933639526367,0.0,0.0
12504,301,32,5.1,7.928844451904297,False,5,2.958570957183838,0.0,0.0
12533,302,29,4.6000000000000005,6.80330491065979,False,5,2.8874318599700928,0.0,0.0
12603,303,70,6.0,22.84894871711731,True,5,2.8169116973876953,0.0,0.0
12632,304,29,3.79,7.43071722984314,False,5,3.028125286102295,0.0,0.0
12665,305,33,5.0,6.005680322647095,False,5,2.719174385070801,0.0,0.0
12715,306,50,4.0,13.734999418258667,False,5,2.977861166000366,0.0,0.0
12743,307,28,6.0,5.31722617149353,True,5,2.6992697715759277,0.0,0.0
12781,308,38,6.0,7.858987331390381,True,5,2.7755208015441895,0.0,0.0
12803,309,22,2.68,6.753064870834351,False,5,2.7763583660125732,0.0,0.0
12856,310,53,6.0,14.781857967376709,True,5,3.06899094581604,0.0,0.0
12896,311,40,3.0,10.231074571609497,False,5,3.068965196609497,0.0,0.0
12933,312,37,2.8,7.934050559997559,False,5,2.8080148696899414,0.0,0.0
12974,313,41,6.000000000000001,11.478510856628418,True,5,2.825371026992798,0.0,0.0
13008,314,34,4.0,7.122852325439453,False,5,2.936821222305298,0.0,0.0
13044,315,36,5.799999999999999,8.178225755691528,False,5,2.7723124027252197,0.0,0.0
13085,316,41,6.0,12.522038221359253,True,5,3.0317912101745605,0.0,0.0
13132,317,47,3.1000000000000005,14.13650369644165,False,5,2.823194742202759,0.0,0.0
13185,318,53,5.999999999999999,12.673094749450684,True,5,2.8190267086029053,0.0,0.0
13236,319,51,5.189999999999999,14.101325988769531,False,5,2.7868945598602295,0.0,0.0
13269,320,33,3.0,9.100122451782227,False,5,2.807936668395996,0.0,0.0
13301,321,32,3.3800000000000003,6.017339706420898,False,5,2.8535449504852295,0.0,0.0
13329,322,28,2.0,5.127197265625,False,5,2.919614553451538,0.0,0.0
13362,323,33,5.87,6.601882219314575,False,5,2.882875919342041,0.0,0.0
13462,324,100,5.999999999999998,48.38226270675659,True,5,2.7658016681671143,0.0,0.0
13506,325,44,1.2599999999999998,9.843955278396606,False,5,2.9867970943450928,0.0,0.0
13562,326,56,2.34,16.265305995941162,False,5,2.968446969985962,0.0,0.0
13602,327,40,6.0,14.162738561630249,True,5,2.8893392086029053,0.0,0.0
13632,328,30,1.6099999999999999,6.372926473617554,False,5,2.8091392517089844,0.0,0.0
13702,329,70,6.0,22.102255821228027,True,5,2.641906261444092,0.0,0.0
13750,330,48,5.289999999999999,15.158277988433838,False,5,2.9344844818115234,0.0,0.0
13809,331,59,6.0,19.611902952194214,True,5,2.842109441757202,0.0,0.0
13843,332,34,4.290000000000001,10.251175165176392,False,5,2.9936087131500244,0.0,0.0
13873,333,30,5.3,10.082332849502563,False,5,2.7297918796539307,0.0,0.0
13901,334,28,3.59,3.2164320945739746,False,5,2.6459460258483887,0.0,0.0
13929,335,28,2.8199999999999994,3.996471643447876,False,5,2.676194667816162,0.0,0.0
13968,336,39,6.0,6.457446813583374,True,5,3.214723587036133,0.0,0.0
14002,337,34,3.8899999999999997,3.5845634937286377,False,5,2.8716583251953125,0.0,0.0
14037,338,35,6.0,3.7774415016174316,True,5,2.730665922164917,0.0,0.0
14079,339,42,6.000000000000001,6.125805854797363,True,5,3.128523588180542,0.0,0.0
14113,340,34,3.9999999999999996,2.77821946144104,False,5,2.8632099628448486,0.0,0.0
14140,341,27,4.44,2.031550645828247,False,5,2.6707518100738525,0.0,0.0
14172,342,32,5.42,4.6217851638793945,False,5,2.949333429336548,0.0,0.0
14208,343,36,3.5300000000000002,3.0536813735961914,False,5,2.696676731109619,0.0,0.0
14233,344,25,6.0,2.0866963863372803,True,5,2.817523717880249,0.0,0.0
14251,345,18,0.98,1.288334608078003,False,5,2.950406312942505,0.0,0.0
14281,346,30,3.0,3.0780093669891357,False,5,2.9020605087280273,0.0,0.0
14333,347,52,4.09,8.723041772842407,False,5,2.8740692138671875,0.0,0.0
14367,348,34,4.0,6.7287514209747314,False,5,2.7663607597351074,0.0,0.0
14396,349,29,4.1,4.4245665073394775,False,5,3.0778584480285645,0.0,0.0
14428,350,32,4.94,4.338658332824707,False,5,2.9223556518554688,0.0,0.0
14558,351,130,5.0,30.08887004852295,False,5,2.7597451210021973,0.0,0.0
14597,352,39,6.000000000000001,5.1583411693573,False,5,2.7182321548461914,0.0,0.0
14633,353,36,3.0,2.9805383682250977,False,5,2.9069156646728516,0.0,0.0
14684,354,51,0.31000000000000005,7.049956798553467,False,5,2.9747941493988037,0.0,0.0
14718,355,34,6.0,2.6649012565612793,True,5,2.6941421031951904,0.0,0.0
14768,356,50,3.33,6.868088006973267,False,5,2.794086217880249,0.0,0.0
14803,357,35,3.5300000000000002,3.8374876976013184,False,5,3.136866569519043,0.0,0.0
14851,358,48,6.000000000000002,7.673099040985107,True,5,2.7330174446105957,0.0,0.0
14878,359,27,6.0,2.1020119190216064,True,5,2.829084634780884,0.0,0.0
14906,360,28,4.77,2.3474135398864746,False,5,2.70094633102417,0.0,0.0
14942,361,36,3.0,4.7188544273376465,False,5,2.7488269805908203,0.0,0.0
14992,362,50,5.999999999999998,4.7175233364105225,True,5,2.9721431732177734,0.0,0.0
15033,363,41,5.9799999999999995,5.2218177318573,False,5,2.7662250995635986,0.0,0.0
15058,364,25,5.999999999999999,1.8175280094146729,True,5,2.913825750350952,0.0,0.0
15099,365,41,3.2999999999999994,3.6410844326019287,False,5,2.9753165245056152,0.0,0.0
15133,366,34,6.0,4.0912158489227295,True,5,3.039032459259033,0.0,0.0
15170,367,37,6.0,3.186527967453003,True,5,2.6658148765563965,0.0,0.0
15241,368,71,2.9699999999999998,9.708545207977295,False,5,2.8108580112457275,0.0,0.0
15256,369,15,2.0,0.9800386428833008,False,5,2.771341323852539,0.0,0.0
15302,370,46,4.0,6.175642490386963,False,5,2.828476905822754,0.0,0.0
15331,371,29,6.0,2.212376117706299,True,5,2.4820258617401123,0.0,0.0
15361,372,30,4.0,2.256850242614746,False,5,2.533256769180298,0.0,0.0
15417,373,56,4.0,8.077467203140259,False,5,2.7916433811187744,0.0,0.0
15490,374,73,5.51,13.030001401901245,False,5,2.839632034301758,0.0,0.0
15517,375,27,6.0,2.0861093997955322,True,5,2.7225961685180664,0.0,0.0
15565,376,48,5.840000000000001,5.568450450897217,False,5,2.85621976852417,0.0,0.0
15597,377,32,3.4900000000000007,4.764620065689087,False,5,2.7428481578826904,0.0,0.0
15631,378,34,6.0,3.1108152866363525,True,5,2.747784376144409,0.0,0.0
