total_steps,episode,episode_steps,episode_reward,episode_time,win,timestamp,repeated,loss,epsilon,intrinsic_reward
39,1,39,-1.4000000000000001,7.435905456542969,False,2025-10-25 13:48:45,0,26.785127639770508,0.99962038,0.0
73,2,34,-1.3,5.687081336975098,False,2025-10-25 13:48:51,0,13.834308624267578,0.99928072,0.0
128,3,55,1.1,13.072240829467773,True,2025-10-25 13:49:05,0,70.91927337646484,0.99873127,0.0
164,4,36,-1.2000000000000002,5.3339080810546875,False,2025-10-25 13:49:11,0,17.842329025268555,0.99837163,0.0
184,5,20,-1.5,2.542527437210083,False,2025-10-25 13:49:14,0,32.23590850830078,0.99817183,0.0
213,6,29,-1.3,4.3052191734313965,False,2025-10-25 13:49:19,0,63.2110595703125,0.99788212,0.0
253,7,40,-1.1,8.83734679222107,False,2025-10-25 13:49:29,0,121.10347747802734,0.99748252,0.0
285,8,32,-1.2000000000000002,6.232951641082764,False,2025-10-25 13:49:36,0,50.93670654296875,0.99716284,0.0
330,9,45,-1.2000000000000002,9.934216022491455,False,2025-10-25 13:49:47,0,13.101542472839355,0.99671329,0.0
365,10,35,-1.4000000000000001,5.467711687088013,False,2025-10-25 13:49:54,0,11.431106567382812,0.99636364,0.0
401,11,36,-1.6,5.60528564453125,False,2025-10-25 13:50:00,0,20.775300979614258,0.996004,0.0
439,12,38,-1.3,5.422373294830322,False,2025-10-25 13:50:06,0,15.88270092010498,0.99562438,0.0
498,13,59,-1.3,11.442967176437378,False,2025-10-25 13:50:18,0,22.10778045654297,0.99503497,0.0
535,14,37,1.1,5.450048923492432,True,2025-10-25 13:50:24,0,28.872730255126953,0.99466534,0.0
568,15,33,-1.2,4.264483213424683,False,2025-10-25 13:50:29,0,59.32673645019531,0.99433567,0.0
594,16,26,-1.2,3.2647342681884766,False,2025-10-25 13:50:33,0,36.74505615234375,0.99407593,0.0
615,17,21,-1.3,2.6098215579986572,False,2025-10-25 13:50:36,0,44.28168869018555,0.99386614,0.0
645,18,30,-1.3,3.9618172645568848,False,2025-10-25 13:50:41,0,39.71266174316406,0.99356644,0.0
686,19,41,-1.4000000000000001,6.361632585525513,False,2025-10-25 13:50:48,0,40.025604248046875,0.99315685,0.0
716,20,30,1.4000000000000001,3.96169114112854,True,2025-10-25 13:50:52,0,45.12725830078125,0.99285715,0.0
767,21,51,-1.2000000000000002,8.923470258712769,False,2025-10-25 13:51:02,0,63.994606018066406,0.99234766,0.0
791,22,24,-1.5,3.144968032836914,False,2025-10-25 13:51:06,0,45.790489196777344,0.9921079,0.0
817,23,26,1.2000000000000002,2.9278414249420166,True,2025-10-25 13:51:09,0,56.557071685791016,0.99184816,0.0
866,24,49,-1.2000000000000002,8.873406648635864,False,2025-10-25 13:51:19,0,50.08855438232422,0.99135865,0.0
910,25,44,-1.1,9.033167600631714,False,2025-10-25 13:51:29,0,64.54158782958984,0.99091909,0.0
950,26,40,-1.4000000000000001,7.086945533752441,False,2025-10-25 13:51:36,0,75.95614624023438,0.99051949,0.0
990,27,40,1.1,7.2987260818481445,True,2025-10-25 13:51:44,0,157.73568725585938,0.99011989,0.0
1029,28,39,-1.4000000000000001,70.98189902305603,False,2025-10-25 13:52:56,0,117.38291931152344,0.98973028,0.0
1069,29,40,1.3,7.164644956588745,True,2025-10-25 13:53:04,0,132.44558715820312,0.98933068,0.0
1109,30,40,-1.5,10.073329448699951,False,2025-10-25 13:53:15,0,102.09072875976562,0.98893108,0.0
1149,31,40,-1.3,12.504029035568237,False,2025-10-25 13:53:28,0,63.41067123413086,0.98853148,0.0
1171,32,22,-1.4000000000000001,4.180054187774658,False,2025-10-25 13:53:34,0,203.12045288085938,0.9883117,0.0
1249,33,78,-1.2000000000000002,26.236129999160767,False,2025-10-25 13:54:01,0,140.58364868164062,0.98753248,0.0
1285,34,36,-1.3,6.695111513137817,False,2025-10-25 13:54:09,0,184.2904052734375,0.98717284,0.0
1328,35,43,1.1,7.943402051925659,True,2025-10-25 13:54:18,0,209.36898803710938,0.98674327,0.0
1383,36,55,-1.3,11.970946550369263,False,2025-10-25 13:54:31,0,172.703125,0.98619382,0.0
1412,37,29,-1.4000000000000001,4.761500120162964,False,2025-10-25 13:54:36,0,194.98666381835938,0.98590411,0.0
1447,38,35,-1.3,5.52737021446228,False,2025-10-25 13:54:42,0,416.0836181640625,0.98555446,0.0
1490,39,43,-1.2000000000000002,11.846901178359985,False,2025-10-25 13:54:55,0,368.7462158203125,0.98512489,0.0
1519,40,29,-1.4000000000000001,4.527727365493774,False,2025-10-25 13:55:00,0,296.432861328125,0.98483518,0.0
1539,41,20,-1.3,2.562715768814087,False,2025-10-25 13:55:04,0,574.373046875,0.98463538,0.0
1573,42,34,-1.4000000000000001,5.167461633682251,False,2025-10-25 13:55:10,0,731.2808227539062,0.98429572,0.0
1603,43,30,-1.2000000000000002,3.8450608253479004,False,2025-10-25 13:55:15,0,697.44189453125,0.98399602,0.0
1637,44,34,-1.4000000000000001,5.3841376304626465,False,2025-10-25 13:55:22,0,2191.30419921875,0.98365636,0.0
1671,45,34,-1.3,4.776082515716553,False,2025-10-25 13:55:28,0,1828.40576171875,0.9833167,0.0
1699,46,28,-1.3,3.422813892364502,False,2025-10-25 13:55:32,0,3147.14013671875,0.98303698,0.0
1743,47,44,-1.2000000000000002,6.777419090270996,False,2025-10-25 13:55:40,0,3782.541015625,0.98259742,0.0
1796,48,53,1.2,9.76297903060913,True,2025-10-25 13:55:51,0,6880.8779296875,0.98206795,0.0
1822,49,26,1.2000000000000002,3.481800079345703,True,2025-10-25 13:55:55,0,9444.1318359375,0.98180821,0.0
1898,50,76,-1.2000000000000002,17.297916889190674,False,2025-10-25 13:56:13,0,18727.4453125,0.98104897,0.0
1948,51,50,-1.2000000000000002,10.113247871398926,False,2025-10-25 13:56:24,0,25663.10546875,0.98054947,0.0
1981,52,33,-1.3,4.981165170669556,False,2025-10-25 13:56:30,0,29082.04296875,0.9802198,0.0
2040,53,59,0.9,50.981645584106445,True,2025-10-25 13:57:21,0,67485.4921875,0.97963039,0.0
2076,54,36,-1.5,5.720680236816406,False,2025-10-25 13:57:28,0,68739.140625,0.97927075,0.0
2109,55,33,-1.2000000000000002,4.680364608764648,False,2025-10-25 13:57:33,0,103853.59375,0.97894108,0.0
2143,56,34,-1.3,4.9492247104644775,False,2025-10-25 13:57:39,0,121322.515625,0.9786014199999999,0.0
2180,57,37,-1.4000000000000001,5.50412654876709,False,2025-10-25 13:57:45,0,129106.421875,0.97823179,0.0
2217,58,37,1.1,5.259432077407837,True,2025-10-25 13:57:51,0,317877.125,0.97786216,0.0
2255,59,38,1.1,5.475520372390747,True,2025-10-25 13:57:57,0,418571.875,0.97748254,0.0
2282,60,27,-1.3,3.5258774757385254,False,2025-10-25 13:58:01,0,392257.75,0.97721281,0.0
2302,61,20,-1.3,2.356903314590454,False,2025-10-25 13:58:04,0,306574.28125,0.97701301,0.0
2328,62,26,-1.3,3.315639019012451,False,2025-10-25 13:58:08,0,1118482.875,0.97675327,0.0
2377,63,49,-1.4000000000000001,8.812388896942139,False,2025-10-25 13:58:17,0,1180014.375,0.97626376,0.0
2424,64,47,-1.4000000000000001,7.541074752807617,False,2025-10-25 13:58:26,0,1550327.5,0.97579423,0.0
2465,65,41,1.1,6.171116828918457,True,2025-10-25 13:58:32,0,1500590.625,0.97538464,0.0
2495,66,30,-1.3,4.261780500411987,False,2025-10-25 13:58:37,0,1684155.625,0.97508494,0.0
2546,67,51,1.1,8.719971895217896,True,2025-10-25 13:58:47,0,1825834.0,0.97457545,0.0
2584,68,38,1.1,5.361985206604004,True,2025-10-25 13:58:53,0,1927302.625,0.97419583,0.0
2612,69,28,-1.5,3.8414299488067627,False,2025-10-25 13:58:57,0,4027614.75,0.97391611,0.0
2649,70,37,-1.2000000000000002,6.647365093231201,False,2025-10-25 13:59:05,0,5114891.0,0.97354648,0.0
2668,71,19,-1.4,2.3716602325439453,False,2025-10-25 13:59:08,0,2376902.25,0.97335667,0.0
2712,72,44,1.1,7.523560285568237,True,2025-10-25 13:59:16,0,5610906.0,0.97291711,0.0
2739,73,27,-1.3,4.3979105949401855,False,2025-10-25 13:59:21,0,2575328.0,0.97264738,0.0
2761,74,22,-1.4000000000000001,3.244304656982422,False,2025-10-25 13:59:25,0,6253856.0,0.9724276,0.0
2807,75,46,-1.3,8.221156597137451,False,2025-10-25 13:59:34,0,6985327.5,0.97196806,0.0
2864,76,57,-1.4000000000000001,10.233028650283813,False,2025-10-25 13:59:45,0,9946773.0,0.97139863,0.0
2903,77,39,-1.2000000000000002,6.509822368621826,False,2025-10-25 13:59:52,0,11259632.0,0.97100902,0.0
2952,78,49,1.1,10.939253568649292,True,2025-10-25 14:00:04,0,15037132.0,0.97051951,0.0
2980,79,28,-1.3,3.6252617835998535,False,2025-10-25 14:00:08,0,16671294.0,0.97023979,0.0
3104,80,124,-1.1,86.93583130836487,False,2025-10-25 14:01:36,0,30232110.0,0.96900103,0.0
3143,81,39,1.1,5.8489789962768555,True,2025-10-25 14:01:42,0,28590856.0,0.96861142,0.0
3173,82,30,-1.3,3.567391872406006,False,2025-10-25 14:01:47,0,33296316.0,0.96831172,0.0
3206,83,33,-1.5,4.586095333099365,False,2025-10-25 14:01:52,0,26195172.0,0.96798205,0.0
3245,84,39,-1.2,6.245944023132324,False,2025-10-25 14:01:59,0,53238132.0,0.96759244,0.0
3269,85,24,-1.5,3.324838399887085,False,2025-10-25 14:02:03,0,47559716.0,0.96735268,0.0
3323,86,54,-1.3,9.509403705596924,False,2025-10-25 14:02:13,0,61269400.0,0.96681322,0.0
3346,87,23,-1.3,3.428379774093628,False,2025-10-25 14:02:17,0,53497704.0,0.96658345,0.0
3375,88,29,-1.4000000000000001,3.871006965637207,False,2025-10-25 14:02:21,0,76089792.0,0.96629374,0.0
3421,89,46,1.1,7.3304383754730225,True,2025-10-25 14:02:29,0,96341152.0,0.9658342,0.0
3455,90,34,1.1,4.140712261199951,True,2025-10-25 14:02:34,0,63909824.0,0.96549454,0.0
3492,91,37,-1.2000000000000002,5.833003282546997,False,2025-10-25 14:02:41,0,127288640.0,0.96512491,0.0
3543,92,51,1.1,8.891249656677246,True,2025-10-25 14:02:50,0,58519996.0,0.96461542,0.0
3577,93,34,-1.3,4.948410749435425,False,2025-10-25 14:02:56,0,87047640.0,0.96427576,0.0
3599,94,22,-1.3,2.3680810928344727,False,2025-10-25 14:02:59,0,219670224.0,0.96405598,0.0
3628,95,29,-1.3,3.432433605194092,False,2025-10-25 14:03:03,0,185566720.0,0.96376627,0.0
3702,96,74,1.2000000000000002,15.943087100982666,True,2025-10-25 14:03:20,0,97078968.0,0.96302701,0.0
3736,97,34,-1.3,4.571297645568848,False,2025-10-25 14:03:25,0,102053400.0,0.9626873499999999,0.0
3858,98,122,-1.4000000000000001,40.383713722229004,False,2025-10-25 14:04:06,0,199344928.0,0.96146857,0.0
3886,99,28,-1.4000000000000001,4.095634698867798,False,2025-10-25 14:04:11,0,223168704.0,0.96118885,0.0
3908,100,22,-1.4000000000000001,3.304194211959839,False,2025-10-25 14:04:15,0,349665184.0,0.96096907,0.0
3927,101,19,-1.5,2.2593185901641846,False,2025-10-25 14:04:18,0,339787776.0,0.96077926,0.0
3962,102,35,-1.3,5.764620304107666,False,2025-10-25 14:04:24,0,471562464.0,0.96042961,0.0
3989,103,27,-1.3,3.7734129428863525,False,2025-10-25 14:04:29,0,447659424.0,0.96015988,0.0
4044,104,55,-1.1,60.472795486450195,False,2025-10-25 14:05:30,0,599241920.0,0.95961043,0.0
4077,105,33,-1.3,4.673321008682251,False,2025-10-25 14:05:36,0,284046656.0,0.95928076,0.0
4097,106,20,-1.4000000000000001,3.523416757583618,False,2025-10-25 14:05:40,0,396814656.0,0.95908096,0.0
4128,107,31,-1.1,4.18320369720459,False,2025-10-25 14:05:45,0,788249920.0,0.95877127,0.0
4209,108,81,1.1,23.011648178100586,True,2025-10-25 14:06:09,0,809340480.0,0.95796208,0.0
4241,109,32,-1.2000000000000002,5.727766990661621,False,2025-10-25 14:06:15,0,433680192.0,0.9576424,0.0
4266,110,25,-1.4000000000000001,3.397683620452881,False,2025-10-25 14:06:19,0,316955264.0,0.95739265,0.0
4297,111,31,-1.2000000000000002,4.621320486068726,False,2025-10-25 14:06:25,0,595097408.0,0.95708296,0.0
4346,112,49,-1.2000000000000002,9.489450216293335,False,2025-10-25 14:06:35,0,1172368128.0,0.95659345,0.0
4381,113,35,-1.4000000000000001,6.394721269607544,False,2025-10-25 14:06:42,0,1002033792.0,0.9562438,0.0
4417,114,36,-1.4,6.470916032791138,False,2025-10-25 14:06:50,0,814167040.0,0.95588416,0.0
4446,115,29,-1.4000000000000001,4.104739189147949,False,2025-10-25 14:06:54,0,1936337408.0,0.95559445,0.0
4472,116,26,-1.6,4.153507471084595,False,2025-10-25 14:06:59,0,676886784.0,0.95533471,0.0
4526,117,54,-1.1,11.065235137939453,False,2025-10-25 14:07:11,0,595740096.0,0.95479525,0.0
4561,118,35,-1.2,5.678187370300293,False,2025-10-25 14:07:18,0,1761859072.0,0.9544456,0.0
4611,119,50,-1.2000000000000002,8.805310010910034,False,2025-10-25 14:07:28,0,1017417920.0,0.9539461,0.0
4643,120,32,-1.4000000000000001,5.487662076950073,False,2025-10-25 14:07:34,0,1823702912.0,0.95362642,0.0
4674,121,31,-1.4000000000000001,4.280967712402344,False,2025-10-25 14:07:40,0,1238485248.0,0.9533167300000001,0.0
4708,122,34,-1.4000000000000001,5.596705913543701,False,2025-10-25 14:07:46,0,1007227520.0,0.95297707,0.0
4829,123,121,-1.4000000000000001,45.23466920852661,False,2025-10-25 14:08:32,0,2180476416.0,0.95176828,0.0
4869,124,40,-1.4000000000000001,6.710877180099487,False,2025-10-25 14:08:40,0,3206224128.0,0.95136868,0.0
4901,125,32,-1.2000000000000002,4.938665866851807,False,2025-10-25 14:08:45,0,1864720128.0,0.951049,0.0
4972,126,71,1.1,17.779890060424805,True,2025-10-25 14:09:04,0,5399359488.0,0.95033971,0.0
4994,127,22,-1.4000000000000001,3.3877758979797363,False,2025-10-25 14:09:08,0,1983170304.0,0.95011993,0.0
5033,128,39,-1.6,58.73441004753113,False,2025-10-25 14:10:08,0,4086423552.0,0.94973032,0.0
5087,129,54,-1.1,10.944534540176392,False,2025-10-25 14:10:20,0,2963704576.0,0.94919086,0.0
5120,130,33,-1.2000000000000002,5.632274627685547,False,2025-10-25 14:10:26,0,2409065472.0,0.94886119,0.0
5147,131,27,-1.5,3.729827880859375,False,2025-10-25 14:10:30,0,2927762176.0,0.94859146,0.0
5173,132,26,-1.3,4.040884256362915,False,2025-10-25 14:10:35,0,6683513344.0,0.94833172,0.0
5199,133,26,-1.2000000000000002,4.172831296920776,False,2025-10-25 14:10:40,0,3006545408.0,0.94807198,0.0
5253,134,54,-1.2000000000000002,12.114755630493164,False,2025-10-25 14:10:53,0,27672023040.0,0.94753252,0.0
5294,135,41,-1.2000000000000002,7.88394570350647,False,2025-10-25 14:11:01,0,7106001920.0,0.94712293,0.0
5322,136,28,1.3,4.340723037719727,True,2025-10-25 14:11:07,0,7053200384.0,0.94684321,0.0
5359,137,37,-1.5,5.1104559898376465,False,2025-10-25 14:11:12,0,17167894528.0,0.94647358,0.0
5434,138,75,-1.3,18.34935688972473,False,2025-10-25 14:11:31,0,18179708928.0,0.94572433,0.0
5491,139,57,-1.1,13.369565486907959,False,2025-10-25 14:11:46,0,10232361984.0,0.9451549,0.0
5525,140,34,-1.2000000000000002,5.744128465652466,False,2025-10-25 14:11:52,0,16444777472.0,0.9448152400000001,0.0
5573,141,48,-1.2000000000000002,8.48947525024414,False,2025-10-25 14:12:01,0,19531608064.0,0.94433572,0.0
5600,142,27,-1.4000000000000001,3.3893845081329346,False,2025-10-25 14:12:05,0,9648360448.0,0.94406599,0.0
5648,143,48,1.2000000000000002,8.651879072189331,True,2025-10-25 14:12:15,0,11066992640.0,0.94358647,0.0
5678,144,30,1.2000000000000002,4.655192136764526,True,2025-10-25 14:12:20,0,12110222336.0,0.94328677,0.0
5715,145,37,-1.2000000000000002,5.547958612442017,False,2025-10-25 14:12:26,0,27187240960.0,0.94291714,0.0
5741,146,26,-1.3,4.1413538455963135,False,2025-10-25 14:12:31,0,16706160640.0,0.9426574,0.0
5786,147,45,1.2000000000000002,7.488683700561523,True,2025-10-25 14:12:40,0,15497142272.0,0.94220785,0.0
5829,148,43,-1.4000000000000001,10.004972457885742,False,2025-10-25 14:12:50,0,39182163968.0,0.94177828,0.0
5866,149,37,-1.3,6.590644121170044,False,2025-10-25 14:12:58,0,33028874240.0,0.94140865,0.0
5916,150,50,-1.2000000000000002,10.94067907333374,False,2025-10-25 14:13:09,0,33228728320.0,0.94090915,0.0
5958,151,42,-1.2000000000000002,7.872879505157471,False,2025-10-25 14:13:18,0,39620272128.0,0.94048957,0.0
5993,152,35,-1.3,6.6987786293029785,False,2025-10-25 14:13:26,0,15927149568.0,0.94013992,0.0
6045,153,52,-1.5,86.79870057106018,False,2025-10-25 14:14:53,0,34709622784.0,0.93962044,0.0
6087,154,42,1.1,9.00813913345337,True,2025-10-25 14:15:03,0,29472860160.0,0.93920086,0.0
6117,155,30,-1.4000000000000001,5.1908628940582275,False,2025-10-25 14:15:09,0,21469270016.0,0.93890116,0.0
6150,156,33,-1.5,5.975230693817139,False,2025-10-25 14:15:16,0,36858781696.0,0.93857149,0.0
6171,157,21,-1.2000000000000002,2.5283658504486084,False,2025-10-25 14:15:19,0,35726544896.0,0.9383617,0.0
6197,158,26,-1.5,3.522573232650757,False,2025-10-25 14:15:23,0,24404213760.0,0.93810196,0.0
6253,159,56,-1.1,12.076459407806396,False,2025-10-25 14:15:36,0,53828395008.0,0.93754252,0.0
6282,160,29,1.0,3.7236902713775635,True,2025-10-25 14:15:41,0,58814681088.0,0.9372528099999999,0.0
6316,161,34,1.1,4.533232927322388,True,2025-10-25 14:15:46,0,39457488896.0,0.93691315,0.0
6339,162,23,-1.4000000000000001,3.6065256595611572,False,2025-10-25 14:15:50,0,31817455616.0,0.93668338,0.0
6376,163,37,-1.3,5.2532665729522705,False,2025-10-25 14:15:56,0,43367628800.0,0.9363137500000001,0.0
6402,164,26,-1.4000000000000001,4.00715708732605,False,2025-10-25 14:16:01,0,42625503232.0,0.93605401,0.0
6431,165,29,1.1,3.8071136474609375,True,2025-10-25 14:16:05,0,55720185856.0,0.9357643,0.0
6477,166,46,-1.6,9.539883852005005,False,2025-10-25 14:16:16,0,58641920000.0,0.93530476,0.0
6504,167,27,1.1,3.6108930110931396,True,2025-10-25 14:16:20,0,94659764224.0,0.93503503,0.0
6538,168,34,-1.5,6.3086466789245605,False,2025-10-25 14:16:27,0,30994280448.0,0.93469537,0.0
6569,169,31,-1.4000000000000001,4.698500394821167,False,2025-10-25 14:16:33,0,65092452352.0,0.93438568,0.0
6603,170,34,-1.3,5.798459529876709,False,2025-10-25 14:16:39,0,96141213696.0,0.93404602,0.0
6634,171,31,-1.4000000000000001,4.087737560272217,False,2025-10-25 14:16:44,0,53673033728.0,0.93373633,0.0
6684,172,50,-1.3,9.571118354797363,False,2025-10-25 14:16:54,0,127601967104.0,0.93323683,0.0
6714,173,30,-1.5,4.9875617027282715,False,2025-10-25 14:17:00,0,81298128896.0,0.93293713,0.0
6744,174,30,-1.4000000000000001,4.01215672492981,False,2025-10-25 14:17:05,0,98288369664.0,0.93263743,0.0
6788,175,44,-1.1,8.73983097076416,False,2025-10-25 14:17:14,0,173784432640.0,0.93219787,0.0
6825,176,37,1.1,5.683395624160767,True,2025-10-25 14:17:21,0,207464513536.0,0.93182824,0.0
6856,177,31,1.3,5.8487138748168945,True,2025-10-25 14:17:28,0,190061035520.0,0.9315185500000001,0.0
6890,178,34,-1.4000000000000001,4.742335081100464,False,2025-10-25 14:17:33,0,73940893696.0,0.93117889,0.0
6929,179,39,-1.1,7.276673793792725,False,2025-10-25 14:17:41,0,156862087168.0,0.93078928,0.0
6960,180,31,-1.2000000000000002,4.542413949966431,False,2025-10-25 14:17:46,0,244051279872.0,0.93047959,0.0
6998,181,38,-1.4000000000000001,6.820597171783447,False,2025-10-25 14:17:54,0,389352259584.0,0.93009997,0.0
7032,182,34,-1.3,68.31401753425598,False,2025-10-25 14:19:03,0,237007470592.0,0.92976031,0.0
7074,183,42,-1.2000000000000002,7.953723430633545,False,2025-10-25 14:19:12,0,195258712064.0,0.9293407300000001,0.0
7097,184,23,-1.6,3.047309637069702,False,2025-10-25 14:19:16,0,103791370240.0,0.92911096,0.0
7121,185,24,-1.3,3.07102370262146,False,2025-10-25 14:19:19,0,236503531520.0,0.9288712,0.0
7157,186,36,-1.3,6.215200424194336,False,2025-10-25 14:19:26,0,446417272832.0,0.92851156,0.0
7195,187,38,1.2000000000000002,5.693447589874268,True,2025-10-25 14:19:33,0,235661836288.0,0.92813194,0.0
7233,188,38,-1.1,6.772785902023315,False,2025-10-25 14:19:40,0,569246679040.0,0.92775232,0.0
7263,189,30,-1.4000000000000001,4.035831451416016,False,2025-10-25 14:19:45,0,494306033664.0,0.92745262,0.0
7300,190,37,-1.4000000000000001,7.199679374694824,False,2025-10-25 14:19:53,0,707164635136.0,0.9270829899999999,0.0
7338,191,38,1.3,6.851057767868042,True,2025-10-25 14:20:01,0,473758629888.0,0.92670337,0.0
7370,192,32,-1.3,5.8459696769714355,False,2025-10-25 14:20:08,0,569858457600.0,0.92638369,0.0
7421,193,51,1.2000000000000002,9.89081072807312,True,2025-10-25 14:20:18,0,780909019136.0,0.9258742,0.0
7451,194,30,-1.4000000000000001,4.537498712539673,False,2025-10-25 14:20:24,0,363210997760.0,0.9255745,0.0
7499,195,48,-1.1,9.00571870803833,False,2025-10-25 14:20:33,0,997114970112.0,0.92509498,0.0
7555,196,56,1.2000000000000002,11.539499759674072,True,2025-10-25 14:20:46,0,1209173803008.0,0.92453554,0.0
7601,197,46,-1.1,9.170740604400635,False,2025-10-25 14:20:56,0,634417840128.0,0.924076,0.0
7646,198,45,-1.3,8.967114925384521,False,2025-10-25 14:21:05,0,438920871936.0,0.92362645,0.0
7690,199,44,-1.3,7.129844427108765,False,2025-10-25 14:21:13,0,924143190016.0,0.92318689,0.0
7721,200,31,-1.4000000000000001,5.51171350479126,False,2025-10-25 14:21:20,0,1850391396352.0,0.9228772,0.0
7749,201,28,-1.3,5.795799016952515,False,2025-10-25 14:21:27,0,703505694720.0,0.92259748,0.0
7773,202,24,-1.5,3.5725626945495605,False,2025-10-25 14:21:33,0,1454058504192.0,0.92235772,0.0
7805,203,32,-1.1,6.090909004211426,False,2025-10-25 14:21:41,0,1871234727936.0,0.92203804,0.0
7839,204,34,-1.2000000000000002,4.854586601257324,False,2025-10-25 14:21:48,0,1230650605568.0,0.92169838,0.0
7866,205,27,-1.5,3.4356112480163574,False,2025-10-25 14:21:54,0,1535019843584.0,0.92142865,0.0
7927,206,61,-1.1,13.881982326507568,False,2025-10-25 14:22:08,0,2317213237248.0,0.92081926,0.0
7960,207,33,-1.2000000000000002,4.500538349151611,False,2025-10-25 14:22:14,0,666799439872.0,0.92048959,0.0
8030,208,70,-1.5,92.1506781578064,False,2025-10-25 14:23:47,0,2055189037056.0,0.91979029,0.0
8064,209,34,-1.2000000000000002,4.602046489715576,False,2025-10-25 14:23:53,0,2018636857344.0,0.91945063,0.0
8093,210,29,1.2000000000000002,4.053529500961304,True,2025-10-25 14:23:58,0,2977357627392.0,0.9191609199999999,0.0
8122,211,29,-1.4000000000000001,6.251482009887695,False,2025-10-25 14:24:05,0,1328705568768.0,0.91887121,0.0
8163,212,41,-1.3,6.607912063598633,False,2025-10-25 14:24:13,0,2149159272448.0,0.91846162,0.0
8195,213,32,-1.3,5.364787817001343,False,2025-10-25 14:24:20,0,3261342941184.0,0.91814194,0.0
8236,214,41,-1.1,5.836364030838013,False,2025-10-25 14:24:27,0,3553651064832.0,0.91773235,0.0
8294,215,58,-1.3,12.45940089225769,False,2025-10-25 14:24:40,0,3591199784960.0,0.91715293,0.0
8324,216,30,-1.2000000000000002,4.886877536773682,False,2025-10-25 14:24:46,0,2568887730176.0,0.91685323,0.0
8349,217,25,-1.3,3.0859885215759277,False,2025-10-25 14:24:50,0,4951981948928.0,0.91660348,0.0
8396,218,47,-1.3,9.55777883529663,False,2025-10-25 14:25:01,0,4504691408896.0,0.91613395,0.0
8432,219,36,-1.2000000000000002,5.535601854324341,False,2025-10-25 14:25:08,0,3071372951552.0,0.91577431,0.0
8470,220,38,-1.3,7.530369758605957,False,2025-10-25 14:25:16,0,5436920561664.0,0.91539469,0.0
8535,221,65,-1.2000000000000002,12.683997869491577,False,2025-10-25 14:25:30,0,3860843724800.0,0.91474534,0.0
8564,222,29,-1.2000000000000002,3.690518617630005,False,2025-10-25 14:25:34,0,2831295184896.0,0.91445563,0.0
8603,223,39,-1.5,7.330013036727905,False,2025-10-25 14:25:42,0,5615081488384.0,0.91406602,0.0
8635,224,32,-1.2000000000000002,4.570932626724243,False,2025-10-25 14:25:48,0,6879642124288.0,0.91374634,0.0
8683,225,48,-1.2000000000000002,9.840182542800903,False,2025-10-25 14:25:58,0,3466837098496.0,0.91326682,0.0
8727,226,44,-1.1,8.866678714752197,False,2025-10-25 14:26:08,0,5342222614528.0,0.91282726,0.0
8768,227,41,-1.3,7.1760125160217285,False,2025-10-25 14:26:16,0,6257459068928.0,0.91241767,0.0
8804,228,36,1.1,6.6653337478637695,True,2025-10-25 14:26:23,0,3067548270592.0,0.91205803,0.0
8828,229,24,-1.4000000000000001,3.563525438308716,False,2025-10-25 14:26:28,0,4261817090048.0,0.91181827,0.0
8871,230,43,1.1,6.524903059005737,True,2025-10-25 14:26:35,0,5544882995200.0,0.9113887,0.0
8903,231,32,-1.4000000000000001,6.009552955627441,False,2025-10-25 14:26:42,0,15515690991616.0,0.91106902,0.0
8942,232,39,-1.2000000000000002,6.393693685531616,False,2025-10-25 14:26:49,0,4766231953408.0,0.91067941,0.0
8970,233,28,-1.3,5.088682174682617,False,2025-10-25 14:26:55,0,4682853908480.0,0.91039969,0.0
9070,234,100,-1.5,89.98364448547363,False,2025-10-25 14:28:26,0,3081353822208.0,0.90940069,0.0
9094,235,24,-1.4000000000000001,3.567852735519409,False,2025-10-25 14:28:30,0,2465043841024.0,0.90916093,0.0
9146,236,52,1.1,10.163316249847412,True,2025-10-25 14:28:41,0,8414893178880.0,0.90864145,0.0
9179,237,33,-1.3,5.580644369125366,False,2025-10-25 14:28:47,0,9880164368384.0,0.90831178,0.0
9213,238,34,-1.1,5.144502878189087,False,2025-10-25 14:28:53,0,8474722304000.0,0.90797212,0.0
9253,239,40,-1.1,7.124895095825195,False,2025-10-25 14:29:01,0,18284474793984.0,0.90757252,0.0
9325,240,72,-1.5,16.929301500320435,False,2025-10-25 14:29:19,0,13689994346496.0,0.90685324,0.0
9355,241,30,-1.2000000000000002,5.538540363311768,False,2025-10-25 14:29:25,0,22900589461504.0,0.90655354,0.0
9393,242,38,1.2000000000000002,6.158686399459839,True,2025-10-25 14:29:32,0,9367495639040.0,0.90617392,0.0
9431,243,38,-1.3,7.357729434967041,False,2025-10-25 14:29:40,0,11931274444800.0,0.9057943,0.0
9477,244,46,-1.1,7.60323166847229,False,2025-10-25 14:29:48,0,25619110821888.0,0.90533476,0.0
9530,245,53,-1.3,11.998765468597412,False,2025-10-25 14:30:01,0,24735838633984.0,0.90480529,0.0
9581,246,51,-1.1,11.294353485107422,False,2025-10-25 14:30:13,0,21414203621376.0,0.9042958,0.0
9623,247,42,-1.2000000000000002,6.790934324264526,False,2025-10-25 14:30:21,0,38335770787840.0,0.90387622,0.0
9643,248,20,-1.5,3.734928846359253,False,2025-10-25 14:30:26,0,12370694897664.0,0.90367642,0.0
9664,249,21,-1.3,2.619924783706665,False,2025-10-25 14:30:29,0,15919742976000.0,0.90346663,0.0
9692,250,28,-1.4000000000000001,4.225627422332764,False,2025-10-25 14:30:34,0,8869438816256.0,0.9031869100000001,0.0
9725,251,33,-1.5,5.202924489974976,False,2025-10-25 14:30:40,0,12994006220800.0,0.90285724,0.0
9757,252,32,-1.2000000000000002,6.518173456192017,False,2025-10-25 14:30:48,0,22849723039744.0,0.90253756,0.0
9811,253,54,-1.3,11.70380163192749,False,2025-10-25 14:31:00,0,32393203286016.0,0.9019981,0.0
9835,254,24,-1.2000000000000002,2.97969388961792,False,2025-10-25 14:31:04,0,21222511345664.0,0.90175834,0.0
9856,255,21,-1.4000000000000001,2.432725667953491,False,2025-10-25 14:31:07,0,38762532831232.0,0.90154855,0.0
9890,256,34,1.3,5.230895280838013,True,2025-10-25 14:31:13,0,22301632364544.0,0.90120889,0.0
9919,257,29,-1.4000000000000001,6.04380989074707,False,2025-10-25 14:31:20,0,19224678367232.0,0.90091918,0.0
9951,258,32,1.1,5.097132682800293,True,2025-10-25 14:31:26,0,33635499507712.0,0.9005995,0.0
9980,259,29,1.2000000000000002,3.770362377166748,True,2025-10-25 14:31:30,0,18852284989440.0,0.90030979,0.0
10019,260,39,-1.8,66.1007513999939,False,2025-10-25 14:32:37,0,36623672672256.0,0.89992018,0.0
10044,261,25,-1.5,3.3770713806152344,False,2025-10-25 14:32:41,0,23697066819584.0,0.89967043,0.0
10082,262,38,-1.3,5.570015907287598,False,2025-10-25 14:32:48,0,44658558238720.0,0.89929081,0.0
10111,263,29,-1.6,5.238483428955078,False,2025-10-25 14:32:54,0,45077359493120.0,0.8990011,0.0
10143,264,32,-1.3,5.068544387817383,False,2025-10-25 14:33:00,0,58256076570624.0,0.89868142,0.0
10172,265,29,-1.3,4.839973211288452,False,2025-10-25 14:33:05,0,51935969280000.0,0.8983917100000001,0.0
10203,266,31,-1.2000000000000002,4.386179685592651,False,2025-10-25 14:33:11,0,81996789317632.0,0.89808202,0.0
10232,267,29,-1.2000000000000002,5.326952695846558,False,2025-10-25 14:33:17,0,106409601531904.0,0.89779231,0.0
10258,268,26,-1.4000000000000001,3.432403802871704,False,2025-10-25 14:33:21,0,21580335808512.0,0.89753257,0.0
10287,269,29,-1.3,3.7475781440734863,False,2025-10-25 14:33:25,0,73447153598464.0,0.89724286,0.0
10308,270,21,-1.6,2.4989709854125977,False,2025-10-25 14:33:29,0,23205743951872.0,0.89703307,0.0
10340,271,32,-1.1,5.366990566253662,False,2025-10-25 14:33:35,0,121249275576320.0,0.8967133899999999,0.0
10384,272,44,-1.2000000000000002,8.057728290557861,False,2025-10-25 14:33:43,0,90473653862400.0,0.8962738299999999,0.0
10445,273,61,1.1,13.290518045425415,True,2025-10-25 14:33:58,0,78540548603904.0,0.89566444,0.0
10483,274,38,-1.4000000000000001,7.254833698272705,False,2025-10-25 14:34:06,0,39811117219840.0,0.89528482,0.0
10524,275,41,1.1,7.121554613113403,True,2025-10-25 14:34:14,0,34804724662272.0,0.89487523,0.0
10561,276,37,-1.2000000000000002,8.384539127349854,False,2025-10-25 14:34:23,0,54495543296000.0,0.8945056,0.0
10587,277,26,-1.2000000000000002,3.5544772148132324,False,2025-10-25 14:34:28,0,35828541685760.0,0.8942458600000001,0.0
10633,278,46,-1.1,10.345175743103027,False,2025-10-25 14:34:39,0,55947779112960.0,0.89378632,0.0
10670,279,37,-1.1,6.103527069091797,False,2025-10-25 14:34:46,0,114717821501440.0,0.89341669,0.0
10718,280,48,1.2000000000000002,10.654455423355103,True,2025-10-25 14:34:58,0,31989193244672.0,0.89293717,0.0
10747,281,29,-1.4000000000000001,4.98620080947876,False,2025-10-25 14:35:03,0,134312200503296.0,0.8926474600000001,0.0
10791,282,44,-1.1,8.535987377166748,False,2025-10-25 14:35:13,0,51089000890368.0,0.8922079,0.0
10868,283,77,-1.1,20.191490411758423,False,2025-10-25 14:35:34,0,78975028166656.0,0.89143867,0.0
10894,284,26,1.1,5.307949066162109,True,2025-10-25 14:35:40,0,99193100173312.0,0.89117893,0.0
10962,285,68,-1.2000000000000002,16.680911779403687,False,2025-10-25 14:35:58,0,153250993012736.0,0.89049961,0.0
10999,286,37,-1.4000000000000001,6.744977712631226,False,2025-10-25 14:36:06,0,109627278622720.0,0.89012998,0.0
11057,287,58,1.2000000000000002,85.08969283103943,True,2025-10-25 14:37:32,0,310955430903808.0,0.88955056,0.0
11106,288,49,1.2000000000000002,10.163616180419922,True,2025-10-25 14:37:43,0,181723421736960.0,0.88906105,0.0
11153,289,47,-1.1,9.455973148345947,False,2025-10-25 14:37:53,0,84494304411648.0,0.88859152,0.0
11196,290,43,1.1,8.531322956085205,True,2025-10-25 14:38:02,0,220681761456128.0,0.88816195,0.0
11226,291,30,1.1,4.268896102905273,True,2025-10-25 14:38:07,0,134243497803776.0,0.88786225,0.0
11266,292,40,1.2000000000000002,7.310669660568237,True,2025-10-25 14:38:16,0,100279282302976.0,0.88746265,0.0
11300,293,34,1.2000000000000002,5.407078981399536,True,2025-10-25 14:38:22,0,147897618268160.0,0.88712299,0.0
11325,294,25,-1.5,4.011300086975098,False,2025-10-25 14:38:27,0,130400928137216.0,0.88687324,0.0
11359,295,34,-1.4000000000000001,5.836631774902344,False,2025-10-25 14:38:33,0,94701344522240.0,0.88653358,0.0
11390,296,31,-1.1,12.64754056930542,False,2025-10-25 14:38:47,0,373536023642112.0,0.88622389,0.0
11433,297,43,-1.3,7.075890302658081,False,2025-10-25 14:38:55,0,293520816472064.0,0.88579432,0.0
11462,298,29,-1.4000000000000001,5.94218373298645,False,2025-10-25 14:39:01,0,429553772134400.0,0.88550461,0.0
11499,299,37,-1.4000000000000001,6.192916631698608,False,2025-10-25 14:39:09,0,333973737701376.0,0.88513498,0.0
11531,300,32,-1.4000000000000001,4.521108388900757,False,2025-10-25 14:39:14,0,335067779956736.0,0.8848153,0.0
11591,301,60,1.1,13.333043336868286,True,2025-10-25 14:39:28,0,259737576800256.0,0.8842159,0.0
11632,302,41,1.1,7.934665679931641,True,2025-10-25 14:39:37,0,436408640602112.0,0.88380631,0.0
11659,303,27,-1.5,4.14649224281311,False,2025-10-25 14:39:42,0,414242415050752.0,0.88353658,0.0
11689,304,30,-1.6,4.749701023101807,False,2025-10-25 14:39:48,0,426122495918080.0,0.88323688,0.0
11733,305,44,-1.3,9.904014348983765,False,2025-10-25 14:39:58,0,346890449190912.0,0.88279732,0.0
11767,306,34,-1.2000000000000002,6.079867601394653,False,2025-10-25 14:40:05,0,347546908098560.0,0.88245766,0.0
11794,307,27,-1.3,4.126673698425293,False,2025-10-25 14:40:11,0,212685438320640.0,0.88218793,0.0
11836,308,42,-1.2000000000000002,9.11570930480957,False,2025-10-25 14:40:21,0,442770963562496.0,0.88176835,0.0
11875,309,39,-1.1,6.368863821029663,False,2025-10-25 14:40:28,0,187571388809216.0,0.88137874,0.0
11909,310,34,-1.1,5.5043861865997314,False,2025-10-25 14:40:34,0,106083477618688.0,0.88103908,0.0
11933,311,24,-1.4000000000000001,4.544999122619629,False,2025-10-25 14:40:40,0,472981931294720.0,0.88079932,0.0
11964,312,31,-1.4000000000000001,4.991070032119751,False,2025-10-25 14:40:46,0,145461650391040.0,0.88048963,0.0
12039,313,75,-1.6,89.89616227149963,False,2025-10-25 14:42:16,0,770656518012928.0,0.87974038,0.0
12059,314,20,-1.4,2.5186142921447754,False,2025-10-25 14:42:20,0,664610554249216.0,0.87954058,0.0
12097,315,38,-1.2000000000000002,6.834527254104614,False,2025-10-25 14:42:27,0,550683426160640.0,0.87916096,0.0
12139,316,42,-1.1,10.69520354270935,False,2025-10-25 14:42:39,0,390489031311360.0,0.87874138,0.0
12187,317,48,-1.2000000000000002,9.171989440917969,False,2025-10-25 14:42:49,0,618494685085696.0,0.8782618600000001,0.0
12220,318,33,1.1,6.224838495254517,True,2025-10-25 14:42:56,0,176585399336960.0,0.87793219,0.0
12263,319,43,-1.3,8.984382390975952,False,2025-10-25 14:43:06,0,553100620333056.0,0.87750262,0.0
12295,320,32,-1.3,5.398618459701538,False,2025-10-25 14:43:12,0,324558934507520.0,0.87718294,0.0
12319,321,24,-1.3,5.146701812744141,False,2025-10-25 14:43:18,0,501295161016320.0,0.87694318,0.0
12347,322,28,-1.3,3.898715019226074,False,2025-10-25 14:43:23,0,472087101702144.0,0.8766634600000001,0.0
12374,323,27,-1.4000000000000001,3.6339032649993896,False,2025-10-25 14:43:28,0,739105621147648.0,0.87639373,0.0
12410,324,36,-1.2000000000000002,5.394196510314941,False,2025-10-25 14:43:34,0,370049416167424.0,0.87603409,0.0
12440,325,30,1.1,5.3263232707977295,True,2025-10-25 14:43:40,0,460717417299968.0,0.87573439,0.0
12469,326,29,-1.3,4.633563995361328,False,2025-10-25 14:43:45,0,887554454847488.0,0.87544468,0.0
12508,327,39,-1.2000000000000002,6.3368895053863525,False,2025-10-25 14:43:52,0,491326005051392.0,0.87505507,0.0
12542,328,34,-1.5,5.682086944580078,False,2025-10-25 14:43:59,0,649539178463232.0,0.87471541,0.0
12576,329,34,-1.1,7.469923973083496,False,2025-10-25 14:44:08,0,740334921318400.0,0.87437575,0.0
12621,330,45,-1.2000000000000002,8.017292261123657,False,2025-10-25 14:44:17,0,912707393945600.0,0.8739262,0.0
12660,331,39,1.1,7.739103555679321,True,2025-10-25 14:44:25,0,1418339935059968.0,0.8735365900000001,0.0
12699,332,39,1.1,6.681852340698242,True,2025-10-25 14:44:33,0,826211919986688.0,0.87314698,0.0
12722,333,23,-1.4000000000000001,2.972623109817505,False,2025-10-25 14:44:37,0,445962090708992.0,0.87291721,0.0
12749,334,27,-1.3,4.566680431365967,False,2025-10-25 14:44:42,0,773678161723392.0,0.87264748,0.0
12780,335,31,-1.4000000000000001,6.056739807128906,False,2025-10-25 14:44:49,0,1172687535734784.0,0.87233779,0.0
12812,336,32,-1.3,4.567778587341309,False,2025-10-25 14:44:54,0,1029144359993344.0,0.87201811,0.0
12843,337,31,-1.3,5.317622900009155,False,2025-10-25 14:45:01,0,673967408939008.0,0.87170842,0.0
12877,338,34,-1.1,6.176278591156006,False,2025-10-25 14:45:08,0,915470735638528.0,0.87136876,0.0
12916,339,39,-1.2000000000000002,12.359648704528809,False,2025-10-25 14:45:21,0,680620380389376.0,0.87097915,0.0
12951,340,35,-1.3,6.07032585144043,False,2025-10-25 14:45:29,0,1247451910504448.0,0.8706295,0.0
13000,341,49,-1.1,108.75044202804565,False,2025-10-25 14:45:41,0,742841437388800.0,0.87013999,0.0
13027,342,27,-1.4000000000000001,4.888349533081055,False,2025-10-25 14:47:25,0,1326526419173376.0,0.86987026,0.0
13060,343,33,-1.4000000000000001,6.261634588241577,False,2025-10-25 14:47:33,0,488458778836992.0,0.86954059,0.0
13095,344,35,-1.5,5.545243501663208,False,2025-10-25 14:47:40,0,389662451433472.0,0.86919094,0.0
13163,345,68,1.2000000000000002,25.933751821517944,True,2025-10-25 14:48:07,0,2095589705646080.0,0.86851162,0.0
13196,346,33,-1.5,5.146636962890625,False,2025-10-25 14:48:13,0,1190452862648320.0,0.86818195,0.0
13221,347,25,-1.4000000000000001,5.022438049316406,False,2025-10-25 14:48:19,0,1933780033994752.0,0.8679322,0.0
13274,348,53,1.3,10.888699054718018,True,2025-10-25 14:48:31,0,551832229249024.0,0.86740273,0.0
13326,349,52,-1.1,12.432108163833618,False,2025-10-25 14:48:44,0,1643015982546944.0,0.86688325,0.0
13373,350,47,1.1,7.870220422744751,True,2025-10-25 14:48:53,0,2766679956258816.0,0.8664137199999999,0.0
13400,351,27,-1.4000000000000001,5.282768726348877,False,2025-10-25 14:48:59,0,914402698067968.0,0.86614399,0.0
13438,352,38,-1.4,5.919667959213257,False,2025-10-25 14:49:06,0,1174992456777728.0,0.86576437,0.0
13494,353,56,1.2000000000000002,14.06113338470459,True,2025-10-25 14:49:21,0,2511151682289664.0,0.86520493,0.0
13527,354,33,-1.4000000000000001,6.265362501144409,False,2025-10-25 14:49:28,0,2137035871617024.0,0.86487526,0.0
13554,355,27,-1.4000000000000001,4.361546754837036,False,2025-10-25 14:49:33,0,3681034201726976.0,0.86460553,0.0
13587,356,33,-1.3,14.943144798278809,False,2025-10-25 14:49:49,0,1880847649079296.0,0.86427586,0.0
13643,357,56,-1.2000000000000002,11.677688598632812,False,2025-10-25 14:50:02,0,775843429220352.0,0.86371642,0.0
13683,358,40,-1.3,8.406191349029541,False,2025-10-25 14:50:12,0,1474284031574016.0,0.86331682,0.0
13717,359,34,-1.2000000000000002,5.174377202987671,False,2025-10-25 14:50:18,0,521887180390400.0,0.86297716,0.0
13763,360,46,-1.3,9.353907823562622,False,2025-10-25 14:50:28,0,1461637366153216.0,0.86251762,0.0
13790,361,27,-1.4,4.285169839859009,False,2025-10-25 14:50:33,0,1308160199491584.0,0.86224789,0.0
13828,362,38,-1.2000000000000002,5.763079881668091,False,2025-10-25 14:50:40,0,2038841376505856.0,0.86186827,0.0
13867,363,39,-1.3,12.966622829437256,False,2025-10-25 14:50:54,0,3376602087948288.0,0.86147866,0.0
13914,364,47,-1.2000000000000002,9.68084192276001,False,2025-10-25 14:51:04,0,2911189768077312.0,0.86100913,0.0
13966,365,52,-1.1,13.974414348602295,False,2025-10-25 14:51:19,0,1427110929367040.0,0.86048965,0.0
14030,366,64,-1.4000000000000001,75.48177433013916,False,2025-10-25 14:52:36,0,1536065525514240.0,0.85985029,0.0
14069,367,39,-1.6,7.383997201919556,False,2025-10-25 14:52:44,0,1929790143594496.0,0.85946068,0.0
14086,368,17,-1.5,2.016214609146118,False,2025-10-25 14:52:47,0,3219428296622080.0,0.85929085,0.0
14113,369,27,-1.5,4.51246452331543,False,2025-10-25 14:52:53,0,1304719930687488.0,0.85902112,0.0
14135,370,22,-1.4000000000000001,5.0675225257873535,False,2025-10-25 14:52:59,0,2699691351343104.0,0.85880134,0.0
14164,371,29,1.3,5.381572723388672,True,2025-10-25 14:53:05,0,3079844006985728.0,0.85851163,0.0
14204,372,40,-1.1,7.812781095504761,False,2025-10-25 14:53:14,0,2564838236618752.0,0.85811203,0.0
14234,373,30,-1.4000000000000001,5.261772871017456,False,2025-10-25 14:53:20,0,1024673768800256.0,0.85781233,0.0
14258,374,24,-1.5,10.312247514724731,False,2025-10-25 14:53:32,0,4887256171020288.0,0.85757257,0.0
14288,375,30,-1.3,4.603699445724487,False,2025-10-25 14:53:37,0,4333815006756864.0,0.85727287,0.0
14319,376,31,-1.2000000000000002,4.21531343460083,False,2025-10-25 14:53:42,0,1296005978914816.0,0.8569631799999999,0.0
14341,377,22,-1.3,2.7568202018737793,False,2025-10-25 14:53:46,0,1759333092163584.0,0.8567434,0.0
14361,378,20,-1.6,2.6097934246063232,False,2025-10-25 14:53:49,0,1198573169410048.0,0.8565436,0.0
14414,379,53,-1.1,12.006339311599731,False,2025-10-25 14:54:02,0,4551354294992896.0,0.8560141299999999,0.0
14455,380,41,-1.6,7.972489356994629,False,2025-10-25 14:54:11,0,2520332174884864.0,0.85560454,0.0
14502,381,47,-1.2000000000000002,14.797382831573486,False,2025-10-25 14:54:27,0,1921810765447168.0,0.85513501,0.0
14525,382,23,-1.3,3.3610355854034424,False,2025-10-25 14:54:31,0,2888670717673472.0,0.85490524,0.0
14570,383,45,-1.2000000000000002,9.356622695922852,False,2025-10-25 14:54:42,0,1168078096302080.0,0.85445569,0.0
14602,384,32,-1.3,7.327084302902222,False,2025-10-25 14:54:50,0,894939315568640.0,0.85413601,0.0
14689,385,87,-1.3,37.06923747062683,False,2025-10-25 14:55:28,0,5258341345394688.0,0.85326688,0.0
14715,386,26,-1.4000000000000001,4.2253806591033936,False,2025-10-25 14:55:34,0,2215744636977152.0,0.85300714,0.0
14742,387,27,-1.3,4.244366645812988,False,2025-10-25 14:55:39,0,3781482480926720.0,0.85273741,0.0
14780,388,38,-1.1,6.104881286621094,False,2025-10-25 14:55:46,0,3533581263568896.0,0.85235779,0.0
14812,389,32,-1.3,8.434990167617798,False,2025-10-25 14:55:56,0,1498922648338432.0,0.8520381100000001,0.0
14853,390,41,-1.3,6.64785361289978,False,2025-10-25 14:56:03,0,3722224280272896.0,0.85162852,0.0
14886,391,33,-1.3,5.102905988693237,False,2025-10-25 14:56:09,0,4278812313387008.0,0.85129885,0.0
14935,392,49,1.1,10.603268384933472,True,2025-10-25 14:56:21,0,3093616356491264.0,0.85080934,0.0
14979,393,44,1.4000000000000001,8.74732780456543,True,2025-10-25 14:56:30,0,1549863107952640.0,0.85036978,0.0
15031,394,52,-1.4000000000000001,112.62870001792908,False,2025-10-25 14:58:24,0,4252668042149888.0,0.8498503,0.0
15066,395,35,-1.3,6.481081962585449,False,2025-10-25 14:58:32,0,5702380834258944.0,0.84950065,0.0
15095,396,29,-1.5,5.011884450912476,False,2025-10-25 14:58:38,0,5356489401171968.0,0.84921094,0.0
15127,397,32,-1.1,5.470979452133179,False,2025-10-25 14:58:44,0,7057198203011072.0,0.84889126,0.0
15185,398,58,-1.1,28.727696418762207,False,2025-10-25 14:59:14,0,4325064010891264.0,0.84831184,0.0
15216,399,31,-1.4000000000000001,5.220290899276733,False,2025-10-25 14:59:20,0,3420620939329536.0,0.84800215,0.0
15251,400,35,-1.3,8.617680072784424,False,2025-10-25 14:59:30,0,8109001870934016.0,0.8476525,0.0
15329,401,78,1.1,20.77779245376587,True,2025-10-25 14:59:52,0,5749388177571840.0,0.8468732800000001,0.0
15365,402,36,-1.1,7.062983274459839,False,2025-10-25 15:00:00,0,6292770796863488.0,0.84651364,0.0
15390,403,25,-1.4000000000000001,3.777609348297119,False,2025-10-25 15:00:05,0,4653289438183424.0,0.84626389,0.0
15430,404,40,-1.1,10.077675819396973,False,2025-10-25 15:00:16,0,3349329314054144.0,0.84586429,0.0
15465,405,35,-1.3,5.715695858001709,False,2025-10-25 15:00:23,0,7400535204298752.0,0.84551464,0.0
15499,406,34,-1.2000000000000002,5.098513603210449,False,2025-10-25 15:00:29,0,7601841932075008.0,0.84517498,0.0
15521,407,22,-1.4000000000000001,2.982882261276245,False,2025-10-25 15:00:33,0,2256319461457920.0,0.8449552,0.0
15551,408,30,-1.4000000000000001,6.983905553817749,False,2025-10-25 15:00:40,0,8550859516411904.0,0.8446555,0.0
15577,409,26,1.3,4.0882556438446045,True,2025-10-25 15:00:45,0,3252189770285056.0,0.84439576,0.0
15608,410,31,-1.4000000000000001,5.619727611541748,False,2025-10-25 15:00:52,0,7968699784888320.0,0.84408607,0.0
15650,411,42,-1.2000000000000002,7.907072305679321,False,2025-10-25 15:01:01,0,5528569950240768.0,0.84366649,0.0
15678,412,28,-1.2000000000000002,21.80319118499756,False,2025-10-25 15:01:24,0,3489995667013632.0,0.84338677,0.0
15713,413,35,-1.1,5.770620346069336,False,2025-10-25 15:01:31,0,1.0982535244808192e+16,0.84303712,0.0
15736,414,23,-1.3,3.4087836742401123,False,2025-10-25 15:01:35,0,4300277754626048.0,0.84280735,0.0
15792,415,56,-1.5,18.131300687789917,False,2025-10-25 15:01:55,0,1.026398936367104e+16,0.84224791,0.0
15837,416,45,-1.1,8.873352527618408,False,2025-10-25 15:02:04,0,2934591165825024.0,0.84179836,0.0
15903,417,66,-1.3,21.16363263130188,False,2025-10-25 15:02:27,0,8211725140623360.0,0.84113902,0.0
15948,418,45,-1.2000000000000002,7.574271202087402,False,2025-10-25 15:02:35,0,4624881450745856.0,0.84068947,0.0
15978,419,30,-1.3,6.387681484222412,False,2025-10-25 15:02:42,0,2949300086636544.0,0.84038977,0.0
16029,420,51,-1.4000000000000001,139.08363890647888,False,2025-10-25 15:05:02,0,7492485085396992.0,0.83988028,0.0
16056,421,27,-1.4000000000000001,6.053842782974243,False,2025-10-25 15:05:09,0,9896438947381248.0,0.83961055,0.0
16080,422,24,1.2000000000000002,4.462299108505249,True,2025-10-25 15:05:15,0,1882200697995264.0,0.83937079,0.0
16111,423,31,-1.3,5.051365852355957,False,2025-10-25 15:05:21,0,7701749313830912.0,0.8390611,0.0
16139,424,28,-1.4000000000000001,4.6232500076293945,False,2025-10-25 15:05:27,0,8418832758603776.0,0.83878138,0.0
16180,425,41,-1.2000000000000002,7.741171598434448,False,2025-10-25 15:05:36,0,3195663705702400.0,0.8383717900000001,0.0
16230,426,50,1.2000000000000002,28.36604881286621,True,2025-10-25 15:06:06,0,3008245291548672.0,0.83787229,0.0
16251,427,21,-1.5,4.056142091751099,False,2025-10-25 15:06:12,0,6276883712835584.0,0.8376625,0.0
16276,428,25,-1.3,3.35477352142334,False,2025-10-25 15:06:17,0,3661735571488768.0,0.8374127499999999,0.0
16318,429,42,-1.4000000000000001,17.342466831207275,False,2025-10-25 15:06:36,0,6702889707765760.0,0.83699317,0.0
16357,430,39,-1.4000000000000001,8.06099247932434,False,2025-10-25 15:06:45,0,1.0013551968124928e+16,0.83660356,0.0
16381,431,24,-1.5,3.6945979595184326,False,2025-10-25 15:06:51,0,3285718432481280.0,0.8363638,0.0
16436,432,55,-1.1,24.45812487602234,False,2025-10-25 15:07:16,0,2747492726734848.0,0.83581435,0.0
16473,433,37,-1.3,6.518011808395386,False,2025-10-25 15:07:24,0,4704294859177984.0,0.83544472,0.0
16512,434,39,-1.3,7.084712982177734,False,2025-10-25 15:07:32,0,1.6741859829219328e+16,0.83505511,0.0
16539,435,27,-1.3,3.7493908405303955,False,2025-10-25 15:07:37,0,9758820679024640.0,0.83478538,0.0
16577,436,38,-1.3,11.456906795501709,False,2025-10-25 15:07:49,0,9829633952317440.0,0.83440576,0.0
16626,437,49,-1.4000000000000001,9.680944204330444,False,2025-10-25 15:08:00,0,1.4718943117705216e+16,0.83391625,0.0
16657,438,31,-1.1,5.016120910644531,False,2025-10-25 15:08:06,0,5618173168582656.0,0.83360656,0.0
16693,439,36,-1.2000000000000002,7.892268180847168,False,2025-10-25 15:08:15,0,1.1511192031854592e+16,0.83324692,0.0
16726,440,33,-1.4000000000000001,4.667412996292114,False,2025-10-25 15:08:21,0,2.1043196561719296e+16,0.8329172499999999,0.0
16775,441,49,1.1,8.720208883285522,True,2025-10-25 15:08:30,0,5525582800486400.0,0.83242774,0.0
16819,442,44,-1.2000000000000002,12.682572364807129,False,2025-10-25 15:08:44,0,5923430452953088.0,0.83198818,0.0
16856,443,37,-1.2000000000000002,6.158282279968262,False,2025-10-25 15:08:51,0,3096851809042432.0,0.83161855,0.0
16887,444,31,-1.1,5.566908836364746,False,2025-10-25 15:08:58,0,3499952474947584.0,0.83130886,0.0
16932,445,45,-1.3,22.003800630569458,False,2025-10-25 15:09:21,0,7106038423617536.0,0.83085931,0.0
16973,446,41,1.2000000000000002,8.087977409362793,True,2025-10-25 15:09:30,0,6885114969587712.0,0.8304497200000001,0.0
17044,447,71,-1.5,162.9628517627716,False,2025-10-25 15:12:14,0,9576709770706944.0,0.82974043,0.0
17085,448,41,-1.1,16.01537537574768,False,2025-10-25 15:12:31,0,1.01425384259584e+16,0.82933084,0.0
17123,449,38,-1.2000000000000002,7.148545026779175,False,2025-10-25 15:12:39,0,9242990811807744.0,0.82895122,0.0
17149,450,26,-1.3,4.480294227600098,False,2025-10-25 15:12:45,0,6384403924123648.0,0.82869148,0.0
17183,451,34,-1.1,6.064762592315674,False,2025-10-25 15:12:52,0,1.5065790717886464e+16,0.82835182,0.0
17211,452,28,-1.3,4.066768646240234,False,2025-10-25 15:12:57,0,5555822591475712.0,0.8280721,0.0
17246,453,35,-1.3,17.50589108467102,False,2025-10-25 15:13:15,0,1.231461613043712e+16,0.82772245,0.0
17266,454,20,-1.4000000000000001,2.569361686706543,False,2025-10-25 15:13:19,0,9539232959823872.0,0.82752265,0.0
17304,455,38,-1.1,5.931290149688721,False,2025-10-25 15:13:26,0,8853897376432128.0,0.82714303,0.0
17343,456,39,1.3,8.036588668823242,True,2025-10-25 15:13:34,0,1.903649549923123e+16,0.82675342,0.0
17391,457,48,-1.4000000000000001,14.267720222473145,False,2025-10-25 15:13:50,0,4253405434347520.0,0.8262739,0.0
17413,458,22,-1.3,3.4109790325164795,False,2025-10-25 15:13:54,0,1.1370229057716224e+16,0.82605412,0.0
17441,459,28,-1.2000000000000002,4.668097257614136,False,2025-10-25 15:14:00,0,8715990271524864.0,0.8257744,0.0
17473,460,32,-1.4000000000000001,5.516166925430298,False,2025-10-25 15:14:07,0,6502888113176576.0,0.82545472,0.0
17508,461,35,-1.3,28.27222752571106,False,2025-10-25 15:14:36,0,1.0337786565492736e+16,0.82510507,0.0
17561,462,53,-1.3,11.687146186828613,False,2025-10-25 15:14:49,0,7213725601759232.0,0.8245756,0.0
17590,463,29,-1.3,5.756947040557861,False,2025-10-25 15:14:58,0,7371917837205504.0,0.8242858900000001,0.0
17619,464,29,-1.4000000000000001,5.9839582443237305,False,2025-10-25 15:15:05,0,1.6726488141266944e+16,0.82399618,0.0
17657,465,38,-1.1,6.941371440887451,False,2025-10-25 15:15:21,0,1.6103553600847872e+16,0.82361656,0.0
17685,466,28,-1.3,4.524033308029175,False,2025-10-25 15:15:26,0,9093631176605696.0,0.8233368400000001,0.0
17705,467,20,-1.4000000000000001,4.104657888412476,False,2025-10-25 15:15:32,0,7687476063764480.0,0.82313704,0.0
17736,468,31,-1.1,4.5953004360198975,False,2025-10-25 15:15:37,0,7848962539126784.0,0.82282735,0.0
17763,469,27,-1.4000000000000001,5.657468318939209,False,2025-10-25 15:15:45,0,4575086136786944.0,0.82255762,0.0
17797,470,34,1.2000000000000002,20.433222770690918,True,2025-10-25 15:16:07,0,1.4025813779283968e+16,0.82221796,0.0
17830,471,33,-1.3,4.93058180809021,False,2025-10-25 15:16:13,0,5715686642941952.0,0.82188829,0.0
17851,472,21,-1.4000000000000001,2.594069242477417,False,2025-10-25 15:16:17,0,1.2411353826328576e+16,0.8216785,0.0
17887,473,36,-1.2000000000000002,5.787729740142822,False,2025-10-25 15:16:23,0,7343231750635520.0,0.82131886,0.0
17916,474,29,-1.4000000000000001,4.209932804107666,False,2025-10-25 15:16:29,0,1.5472890266779648e+16,0.82102915,0.0
17962,475,46,-1.1,17.755306482315063,False,2025-10-25 15:16:48,0,1.2806323313836032e+16,0.82056961,0.0
17991,476,29,-1.4000000000000001,4.842695236206055,False,2025-10-25 15:16:54,0,1.841227568984883e+16,0.8202799000000001,0.0
18053,477,62,1.1,184.0546896457672,True,2025-10-25 15:19:59,0,5241414342410240.0,0.81966052,0.0
18102,478,49,1.2000000000000002,9.539214849472046,True,2025-10-25 15:20:10,0,1.4152783749971968e+16,0.81917101,0.0
18131,479,29,-1.4,7.65207052230835,False,2025-10-25 15:20:19,0,5225081655525376.0,0.8188813,0.0
18151,480,20,-1.3,2.7860236167907715,False,2025-10-25 15:20:23,0,1.3885874081103872e+16,0.8186815000000001,0.0
18177,481,26,-1.2000000000000002,3.3808701038360596,False,2025-10-25 15:20:27,0,8788027073626112.0,0.81842176,0.0
18203,482,26,-1.4000000000000001,3.448617696762085,False,2025-10-25 15:20:31,0,6650526003363840.0,0.81816202,0.0
18239,483,36,-1.4000000000000001,6.2040441036224365,False,2025-10-25 15:20:39,0,8192065464696832.0,0.81780238,0.0
18266,484,27,-1.3,4.897930860519409,False,2025-10-25 15:20:45,0,1.6438709226307584e+16,0.81753265,0.0
18303,485,37,-1.1,25.118168115615845,False,2025-10-25 15:21:11,0,9164698926710784.0,0.81716302,0.0
18351,486,48,1.1,10.040479898452759,True,2025-10-25 15:21:22,0,1.6180383049580544e+16,0.8166835,0.0
18395,487,44,-1.2,11.5381760597229,False,2025-10-25 15:21:35,0,1.723639095361536e+16,0.81624394,0.0
18430,488,35,-1.3,17.813666582107544,False,2025-10-25 15:21:54,0,6537385827368960.0,0.81589429,0.0
18453,489,23,-1.2000000000000002,3.172724962234497,False,2025-10-25 15:21:59,0,9392584522727424.0,0.81566452,0.0
18498,490,45,-1.3,8.56235671043396,False,2025-10-25 15:22:09,0,8679292997206016.0,0.81521497,0.0
18526,491,28,-1.3,12.54601502418518,False,2025-10-25 15:22:23,0,1.3581275000471552e+16,0.81493525,0.0
18563,492,37,-1.3,6.128068923950195,False,2025-10-25 15:22:30,0,5492856223432704.0,0.81456562,0.0
18608,493,45,-1.1,27.49601435661316,False,2025-10-25 15:22:59,0,1.801677362639667e+16,0.81411607,0.0
18634,494,26,-1.6,4.921716213226318,False,2025-10-25 15:23:05,0,7843088097607680.0,0.81385633,0.0
18683,495,49,-1.2000000000000002,10.663551330566406,False,2025-10-25 15:23:18,0,1.2073506330116096e+16,0.8133668199999999,0.0
18723,496,40,-1.2000000000000002,19.225159406661987,False,2025-10-25 15:23:38,0,7964521318580224.0,0.81296722,0.0
18770,497,47,1.1,9.174391746520996,True,2025-10-25 15:23:48,0,2.078181344201933e+16,0.81249769,0.0
18800,498,30,-1.4000000000000001,4.441457748413086,False,2025-10-25 15:23:54,0,2.1832665237815296e+16,0.81219799,0.0
18825,499,25,-1.5,3.3893914222717285,False,2025-10-25 15:23:58,0,4698454777397248.0,0.81194824,0.0
18938,500,113,-1.2000000000000002,70.72532415390015,False,2025-10-25 15:25:10,0,4418081996668928.0,0.8108193699999999,0.0
18965,501,27,-1.4000000000000001,4.2653679847717285,False,2025-10-25 15:25:16,0,1.1946080019152896e+16,0.81054964,0.0
19052,502,87,-1.7000000000000002,165.0827624797821,False,2025-10-25 15:28:02,0,1.7328839050919936e+16,0.80968051,0.0
19079,503,27,-1.5,4.238749027252197,False,2025-10-25 15:28:08,0,3123426650750976.0,0.80941078,0.0
19123,504,44,-1.3,9.45898151397705,False,2025-10-25 15:28:18,0,6835438304100352.0,0.80897122,0.0
19166,505,43,-1.2000000000000002,8.052538633346558,False,2025-10-25 15:28:27,0,6417051581153280.0,0.80854165,0.0
19230,506,64,-1.2000000000000002,46.75889182090759,False,2025-10-25 15:29:15,0,6076024735399936.0,0.80790229,0.0
19258,507,28,-1.4000000000000001,5.710004806518555,False,2025-10-25 15:29:23,0,2.7279641546850304e+16,0.80762257,0.0
19282,508,24,-1.4000000000000001,4.112476348876953,False,2025-10-25 15:29:28,0,2.0287295202525184e+16,0.80738281,0.0
19330,509,48,-1.4000000000000001,28.32456088066101,False,2025-10-25 15:29:58,0,1.5182669662912512e+16,0.80690329,0.0
19376,510,46,-1.3,9.308075189590454,False,2025-10-25 15:30:10,0,1.945250603152179e+16,0.80644375,0.0
19421,511,45,-1.3,27.606091737747192,False,2025-10-25 15:30:38,0,2.041764316499149e+16,0.8059942,0.0
19451,512,30,-1.3,4.70067572593689,False,2025-10-25 15:30:44,0,1.7494913625096192e+16,0.8056945,0.0
19487,513,36,-1.2000000000000002,6.539372682571411,False,2025-10-25 15:30:52,0,1.3908896179552256e+16,0.80533486,0.0
19522,514,35,-1.1,5.833632707595825,False,2025-10-25 15:30:59,0,6998868252164096.0,0.80498521,0.0
19560,515,38,1.1,6.197473049163818,True,2025-10-25 15:31:06,0,1.0105606002180096e+16,0.80460559,0.0
19617,516,57,-1.3,14.81938648223877,False,2025-10-25 15:31:22,0,1.224978896781312e+16,0.80403616,0.0
19650,517,33,-1.1,5.164041996002197,False,2025-10-25 15:31:28,0,1.3968485629558784e+16,0.8037064899999999,0.0
19683,518,33,-1.3,5.5960047245025635,False,2025-10-25 15:31:35,0,9746528482623488.0,0.80337682,0.0
19740,519,57,-1.2000000000000002,24.66601872444153,False,2025-10-25 15:32:01,0,6255504976248832.0,0.80280739,0.0
19849,520,109,-1.4000000000000001,55.18857502937317,False,2025-10-25 15:32:57,0,2.4242970819559424e+16,0.80171848,0.0
19861,521,12,-1.6,1.5275731086730957,False,2025-10-25 15:33:00,0,1.1499628906151936e+16,0.8015985999999999,0.0
19890,522,29,-1.3,5.674907207489014,False,2025-10-25 15:33:07,0,1.510570599645184e+16,0.80130889,0.0
19920,523,30,-1.6,6.06093692779541,False,2025-10-25 15:33:15,0,2.2648837873074176e+16,0.80100919,0.0
19954,524,34,-1.2000000000000002,20.370649576187134,False,2025-10-25 15:33:36,0,2.2327984488710144e+16,0.80066953,0.0
20035,525,81,-1.2000000000000002,174.35773253440857,False,2025-10-25 15:36:32,0,8337903763587072.0,0.79986034,0.0
20068,526,33,1.1,5.948046922683716,True,2025-10-25 15:36:39,0,1.6594412528205824e+16,0.79953067,0.0
20108,527,40,1.1,7.393171310424805,True,2025-10-25 15:36:47,0,1.2893657178832896e+16,0.79913107,0.0
20140,528,32,1.1,5.568800926208496,True,2025-10-25 15:36:54,0,1.7174300758900736e+16,0.79881139,0.0
20179,529,39,1.1,25.61259889602661,True,2025-10-25 15:37:21,0,7505659360706560.0,0.79842178,0.0
20224,530,45,1.1,9.207093954086304,True,2025-10-25 15:37:31,0,1.2943240428781568e+16,0.7979722300000001,0.0
20257,531,33,-1.6,5.348548650741577,False,2025-10-25 15:37:38,0,1.1692293622857728e+16,0.79764256,0.0
20295,532,38,-1.2000000000000002,7.2580461502075195,False,2025-10-25 15:37:46,0,1.572031044780032e+16,0.79726294,0.0
20334,533,39,-1.1,23.301274061203003,False,2025-10-25 15:38:11,0,5930370583232512.0,0.7968733299999999,0.0
20364,534,30,-1.3,4.593708753585815,False,2025-10-25 15:38:17,0,2.0534017451360256e+16,0.79657363,0.0
20405,535,41,1.2000000000000002,6.65906834602356,True,2025-10-25 15:38:24,0,9547477149548544.0,0.79616404,0.0
20430,536,25,-1.2000000000000002,3.532136917114258,False,2025-10-25 15:38:29,0,7476718797324288.0,0.79591429,0.0
20474,537,44,-1.1,15.932828187942505,False,2025-10-25 15:38:46,0,3.5006427298791424e+16,0.79547473,0.0
20546,538,72,-1.1,19.212090492248535,False,2025-10-25 15:39:06,0,1.2192468334280704e+16,0.79475545,0.0
20574,539,28,-1.5,26.661818265914917,False,2025-10-25 15:39:34,0,1.4527091223560192e+16,0.79447573,0.0
20609,540,35,-1.4000000000000001,6.180430889129639,False,2025-10-25 15:39:42,0,1.197263472820224e+16,0.79412608,0.0
20654,541,45,-1.2000000000000002,10.850103855133057,False,2025-10-25 15:39:57,0,1.6938181710577664e+16,0.79367653,0.0
20699,542,45,-1.5,8.772113800048828,False,2025-10-25 15:40:09,0,1.6160134426263552e+16,0.79322698,0.0
20743,543,44,-1.3,26.088659524917603,False,2025-10-25 15:40:36,0,5215449654493184.0,0.79278742,0.0
20764,544,21,-1.4000000000000001,2.597442626953125,False,2025-10-25 15:40:40,0,4591177231761408.0,0.79257763,0.0
20804,545,40,-1.1,7.136373043060303,False,2025-10-25 15:40:49,0,1.9395906952495104e+16,0.79217803,0.0
20841,546,37,-1.3,6.897089242935181,False,2025-10-25 15:40:57,0,5719214958575616.0,0.7918084,0.0
20871,547,30,-1.4000000000000001,5.059547662734985,False,2025-10-25 15:41:03,0,6519532185190400.0,0.7915087000000001,0.0
20917,548,46,1.1,9.282766103744507,True,2025-10-25 15:41:42,0,2.795182969847808e+16,0.79104916,0.0
20953,549,36,-1.3,6.451210260391235,False,2025-10-25 15:41:50,0,1.4765234275221504e+16,0.7906895199999999,0.0
21037,550,84,-1.4000000000000001,136.2255756855011,False,2025-10-25 15:44:08,0,2.0966737553915904e+16,0.78985036,0.0
21070,551,33,1.1,6.29409646987915,True,2025-10-25 15:44:15,0,1.6710241353728e+16,0.78952069,0.0
21109,552,39,1.2000000000000002,7.423470497131348,True,2025-10-25 15:44:24,0,6626130052251648.0,0.78913108,0.0
21146,553,37,-1.1,31.73511505126953,False,2025-10-25 15:44:57,0,1.0267953618485248e+16,0.78876145,0.0
21174,554,28,1.4000000000000001,5.771278142929077,True,2025-10-25 15:45:06,0,1.7281698563620864e+16,0.78848173,0.0
21213,555,39,-1.4000000000000001,9.231085777282715,False,2025-10-25 15:45:17,0,1.5100971868749824e+16,0.78809212,0.0
21243,556,30,-1.5,6.894986629486084,False,2025-10-25 15:45:25,0,1.0711840636010496e+16,0.7877924199999999,0.0
21293,557,50,-1.1,13.008280754089355,False,2025-10-25 15:45:39,0,1.858184529366221e+16,0.7872929200000001,0.0
21314,558,21,-1.5,2.7263219356536865,False,2025-10-25 15:45:43,0,8866550886957056.0,0.7870831300000001,0.0
21356,559,42,-1.1,7.556773900985718,False,2025-10-25 15:45:52,0,2.019437788004352e+16,0.78666355,0.0
21450,560,94,-1.3,35.44959878921509,False,2025-10-25 15:46:28,0,1.580418042167296e+16,0.78572449,0.0
21482,561,32,-1.3,13.726466417312622,False,2025-10-25 15:46:44,0,7099031184474112.0,0.78540481,0.0
21507,562,25,-1.5,6.08522891998291,False,2025-10-25 15:46:52,0,8821373736583168.0,0.78515506,0.0
21553,563,46,-1.1,8.761963129043579,False,2025-10-25 15:47:02,0,8349694522556416.0,0.78469552,0.0
21585,564,32,-1.1,4.673981428146362,False,2025-10-25 15:47:07,0,9030894589313024.0,0.78437584,0.0
21613,565,28,-1.3,4.326849699020386,False,2025-10-25 15:47:13,0,6669094220726272.0,0.78409612,0.0
21659,566,46,1.2000000000000002,32.679283142089844,True,2025-10-25 15:47:47,0,2.0236668275523584e+16,0.78363658,0.0
21715,567,56,-1.1,12.90272855758667,False,2025-10-25 15:48:01,0,1.1644530365300736e+16,0.7830771400000001,0.0
21753,568,38,-1.1,7.5995423793792725,False,2025-10-25 15:48:10,0,2.064417047760077e+16,0.78269752,0.0
21776,569,23,-1.4000000000000001,3.5720953941345215,False,2025-10-25 15:48:15,0,1.0086508430098432e+16,0.78246775,0.0
21814,570,38,-1.2000000000000002,31.377274990081787,False,2025-10-25 15:48:48,0,6444105580150784.0,0.78208813,0.0
21866,571,52,-1.4000000000000001,11.732627153396606,False,2025-10-25 15:49:01,0,8034303799721984.0,0.78156865,0.0
21903,572,37,-1.2000000000000002,7.5475053787231445,False,2025-10-25 15:49:10,0,1.5253379856990208e+16,0.78119902,0.0
21922,573,19,-1.4000000000000001,2.7564969062805176,False,2025-10-25 15:49:14,0,1.8112461202784256e+16,0.78100921,0.0
21950,574,28,-1.4000000000000001,30.473782062530518,False,2025-10-25 15:49:46,0,1.0016015131869184e+16,0.78072949,0.0
21972,575,22,-1.5,3.0523531436920166,False,2025-10-25 15:49:51,0,1.8804348221915136e+16,0.78050971,0.0
22000,576,28,-1.4000000000000001,169.50534844398499,False,2025-10-25 15:49:59,0,1.1910436085563392e+16,0.78022999,0.0
22030,577,30,-1.4000000000000001,4.920267581939697,False,2025-10-25 15:52:50,0,2.3053576263696384e+16,0.77993029,0.0
22056,578,26,-1.3,4.086774110794067,False,2025-10-25 15:52:55,0,7902678621356032.0,0.7796705500000001,0.0
22086,579,30,-1.3,3.6873819828033447,False,2025-10-25 15:53:00,0,6188715013570560.0,0.7793708500000001,0.0
22134,580,48,-1.4000000000000001,80.02859735488892,False,2025-10-25 15:54:21,0,6415044757684224.0,0.77889133,0.0
22174,581,40,-1.3,10.669428825378418,False,2025-10-25 15:54:34,0,8553873509711872.0,0.77849173,0.0
22203,582,29,-1.2000000000000002,4.9797868728637695,False,2025-10-25 15:54:40,0,1.6341457208082432e+16,0.7782020199999999,0.0
22232,583,29,-1.2000000000000002,4.917787790298462,False,2025-10-25 15:54:47,0,4058663027212288.0,0.77791231,0.0
22254,584,22,-1.4000000000000001,4.727035760879517,False,2025-10-25 15:54:53,0,1.3369820875587584e+16,0.7776925299999999,0.0
22274,585,20,-1.4000000000000001,3.5745601654052734,False,2025-10-25 15:54:58,0,2.7511419456978944e+16,0.77749273,0.0
22317,586,43,-1.2000000000000002,29.992138862609863,False,2025-10-25 15:55:29,0,1.835316620243763e+16,0.77706316,0.0
22345,587,28,-1.2000000000000002,5.352944374084473,False,2025-10-25 15:55:36,0,2.9794224639574016e+16,0.77678344,0.0
22382,588,37,-1.1,7.1115593910217285,False,2025-10-25 15:55:45,0,6905191794212864.0,0.77641381,0.0
22431,589,49,-1.2000000000000002,11.602992057800293,False,2025-10-25 15:55:58,0,1.4380993616019456e+16,0.7759243,0.0
22459,590,28,-1.6,5.183034181594849,False,2025-10-25 15:56:04,0,3228236737675264.0,0.77564458,0.0
22498,591,39,-1.3,34.96074295043945,False,2025-10-25 15:56:41,0,9217878138028032.0,0.77525497,0.0
22530,592,32,1.3,6.504599332809448,True,2025-10-25 15:56:49,0,5746629197955072.0,0.7749352899999999,0.0
22546,593,16,-1.5,2.500882863998413,False,2025-10-25 15:56:53,0,5152504224415744.0,0.7747754499999999,0.0
22575,594,29,-1.1,5.81797456741333,False,2025-10-25 15:57:00,0,1.0272710294765568e+16,0.77448574,0.0
22606,595,31,-1.3,5.822665691375732,False,2025-10-25 15:57:07,0,6144636837953536.0,0.77417605,0.0
22641,596,35,-1.2000000000000002,7.6019957065582275,False,2025-10-25 15:57:16,0,7780295138869248.0,0.7738264,0.0
22695,597,54,-1.2000000000000002,22.681094884872437,False,2025-10-25 15:57:41,0,7828886788243456.0,0.77328694,0.0
22753,598,58,-1.2000000000000002,14.384428977966309,False,2025-10-25 15:57:57,0,5777861126389760.0,0.77270752,0.0
22787,599,34,1.0,5.022595405578613,True,2025-10-25 15:58:03,0,4480481429028864.0,0.77236786,0.0
22813,600,26,-1.2000000000000002,17.649383783340454,False,2025-10-25 15:58:22,0,1.2262269069033472e+16,0.77210812,0.0
22843,601,30,-1.4000000000000001,4.855782747268677,False,2025-10-25 15:58:29,0,1.833734354291917e+16,0.7718084199999999,0.0
22893,602,50,-1.1,11.067977666854858,False,2025-10-25 15:58:41,0,1.5990652869279744e+16,0.77130892,0.0
22914,603,21,-1.4000000000000001,3.2995409965515137,False,2025-10-25 15:58:46,0,6246507019763712.0,0.77109913,0.0
22955,604,41,-1.2000000000000002,6.918295383453369,False,2025-10-25 15:58:54,0,8420320964771840.0,0.77068954,0.0
22980,605,25,-1.4000000000000001,3.6529505252838135,False,2025-10-25 15:58:59,0,3464920574197760.0,0.77043979,0.0
23049,606,69,1.0,125.74542832374573,True,2025-10-25 16:01:07,0,4646675188547584.0,0.76975048,0.0
23082,607,33,-1.3,5.558665990829468,False,2025-10-25 16:01:13,0,7675404521308160.0,0.76942081,0.0
23117,608,35,-1.1,5.829574108123779,False,2025-10-25 16:01:21,0,6974812140339200.0,0.76907116,0.0
23154,609,37,1.1,6.300847053527832,True,2025-10-25 16:01:28,0,3267447104733184.0,0.76870153,0.0
23194,610,40,-1.4000000000000001,16.80834436416626,False,2025-10-25 16:01:46,0,6480238066270208.0,0.76830193,0.0
23218,611,24,-1.3,3.551072359085083,False,2025-10-25 16:01:50,0,1.6687957989654528e+16,0.76806217,0.0
23249,612,31,-1.2000000000000002,6.267709016799927,False,2025-10-25 16:01:58,0,4856373208678400.0,0.76775248,0.0
23301,613,52,-1.2000000000000002,11.893899202346802,False,2025-10-25 16:02:11,0,3323337514156032.0,0.767233,0.0
23325,614,24,-1.3,3.266347885131836,False,2025-10-25 16:02:15,0,5030703246868480.0,0.76699324,0.0
23360,615,35,-1.1,5.5539844036102295,False,2025-10-25 16:02:21,0,9650897814552576.0,0.76664359,0.0
23392,616,32,-1.3,21.120321035385132,False,2025-10-25 16:02:44,0,8171678865555456.0,0.76632391,0.0
23425,617,33,-1.2,6.080955505371094,False,2025-10-25 16:02:51,0,3465658234830848.0,0.7659942399999999,0.0
23448,618,23,-1.5,3.6263153553009033,False,2025-10-25 16:02:56,0,4074291071025152.0,0.7657644699999999,0.0
23478,619,30,-1.5,5.258408546447754,False,2025-10-25 16:03:02,0,6839120164814848.0,0.76546477,0.0
23503,620,25,-1.5,3.878291368484497,False,2025-10-25 16:03:07,0,1.1642483813384192e+16,0.76521502,0.0
23581,621,78,1.1,28.486918926239014,True,2025-10-25 16:03:36,0,7609383894646784.0,0.7644358,0.0
23644,622,63,-1.3,25.84212303161621,False,2025-10-25 16:04:04,0,6431417709887488.0,0.76380643,0.0
23666,623,22,-1.4000000000000001,2.868426561355591,False,2025-10-25 16:04:08,0,8698969853001728.0,0.76358665,0.0
23701,624,35,-1.2000000000000002,5.994776010513306,False,2025-10-25 16:04:16,0,8285906742018048.0,0.7632369999999999,0.0
23733,625,32,-1.1,5.6012866497039795,False,2025-10-25 16:04:23,0,5128546359967744.0,0.76291732,0.0
23775,626,42,-1.2000000000000002,8.405810356140137,False,2025-10-25 16:04:33,0,5483066382352384.0,0.76249774,0.0
23865,627,90,-1.1,38.07252287864685,False,2025-10-25 16:05:12,0,8649702283149312.0,0.76159864,0.0
23899,628,34,-1.2000000000000002,7.187342882156372,False,2025-10-25 16:05:22,0,6539261654335488.0,0.76125898,0.0
23938,629,39,-1.3,9.467403173446655,False,2025-10-25 16:05:33,0,6912206549549056.0,0.76086937,0.0
23961,630,23,-1.4000000000000001,3.2285547256469727,False,2025-10-25 16:05:37,0,9007969127628800.0,0.7606396,0.0
23996,631,35,-1.3,7.1594109535217285,False,2025-10-25 16:05:46,0,3711468876857344.0,0.76028995,0.0
24042,632,46,-1.3,155.21401357650757,False,2025-10-25 16:08:23,0,6750901536555008.0,0.75983041,0.0
24082,633,40,-1.1,6.646980285644531,False,2025-10-25 16:08:30,0,9881313146306560.0,0.75943081,0.0
24119,634,37,-1.5,6.005054950714111,False,2025-10-25 16:08:37,0,6154633374334976.0,0.75906118,0.0
24152,635,33,1.3,15.393733501434326,True,2025-10-25 16:08:54,0,3437322188095488.0,0.75873151,0.0
24186,636,34,1.1,4.985077857971191,True,2025-10-25 16:09:00,0,5934420737392640.0,0.75839185,0.0
24216,637,30,1.3,2.5060739517211914,True,2025-10-25 16:09:03,0,2441690249953280.0,0.75809215,0.0
24252,638,36,1.1,3.6936349868774414,True,2025-10-25 16:09:07,0,2857507240280064.0,0.75773251,0.0
24303,639,51,1.1,5.796523094177246,True,2025-10-25 16:09:14,0,4179631854845952.0,0.75722302,0.0
24337,640,34,-1.3,6.661836862564087,False,2025-10-25 16:09:21,0,5890735014412288.0,0.75688336,0.0
24374,641,37,-1.5,4.61182975769043,False,2025-10-25 16:09:26,0,2700285935878144.0,0.75651373,0.0
24423,642,49,-1.1,8.086585283279419,False,2025-10-25 16:09:35,0,6580910489075712.0,0.75602422,0.0
24462,643,39,-1.2000000000000002,6.64432168006897,False,2025-10-25 16:09:43,0,6879212610781184.0,0.75563461,0.0
24493,644,31,-1.1,4.866361618041992,False,2025-10-25 16:09:48,0,3724829714808832.0,0.7553249200000001,0.0
24516,645,23,-1.3,7.538197994232178,False,2025-10-25 16:09:58,0,3583732791377920.0,0.75509515,0.0
24548,646,32,-1.4000000000000001,6.071617364883423,False,2025-10-25 16:10:06,0,2687426535358464.0,0.75477547,0.0
24578,647,30,-1.4000000000000001,5.747053146362305,False,2025-10-25 16:10:13,0,1.0094594779774976e+16,0.75447577,0.0
24616,648,38,-1.4000000000000001,6.63595175743103,False,2025-10-25 16:10:21,0,6790640721461248.0,0.75409615,0.0
24638,649,22,-1.4000000000000001,2.9085195064544678,False,2025-10-25 16:10:25,0,1640534162538496.0,0.75387637,0.0
24661,650,23,-1.5,3.2530713081359863,False,2025-10-25 16:10:30,0,1638387886850048.0,0.7536465999999999,0.0
24695,651,34,1.2000000000000002,5.833925247192383,True,2025-10-25 16:10:37,0,5447850871750656.0,0.75330694,0.0
24740,652,45,-1.1,24.25446105003357,False,2025-10-25 16:11:03,0,3499816109735936.0,0.75285739,0.0
24841,653,101,-1.3,35.34278988838196,False,2025-10-25 16:11:40,0,6315592642461696.0,0.7518484,0.0
24862,654,21,-1.4000000000000001,2.806920289993286,False,2025-10-25 16:11:46,0,1647676156280832.0,0.75163861,0.0
24898,655,36,-1.4000000000000001,8.285469770431519,False,2025-10-25 16:11:56,0,1265362058346496.0,0.75127897,0.0
24925,656,27,-1.3,3.502549171447754,False,2025-10-25 16:12:01,0,6553723346092032.0,0.75100924,0.0
24952,657,27,-1.5,3.82423996925354,False,2025-10-25 16:12:06,0,2093265457250304.0,0.75073951,0.0
24993,658,41,-1.3,6.642301082611084,False,2025-10-25 16:12:14,0,4350727782662144.0,0.75032992,0.0
25041,659,48,0.9,71.31637263298035,True,2025-10-25 16:13:26,0,2084559961194496.0,0.7498503999999999,0.0
25073,660,32,-1.2000000000000002,4.5483009815216064,False,2025-10-25 16:13:32,0,4465775997878272.0,0.74953072,0.0
25108,661,35,-1.1,5.388575792312622,False,2025-10-25 16:13:38,0,1580637353934848.0,0.74918107,0.0
25139,662,31,-1.4000000000000001,4.649174451828003,False,2025-10-25 16:13:44,0,2540550464995328.0,0.74887138,0.0
25164,663,25,-1.1,6.852787494659424,False,2025-10-25 16:13:51,0,2241191781335040.0,0.7486216299999999,0.0
25222,664,58,-1.1,11.958985805511475,False,2025-10-25 16:14:05,0,2621235452182528.0,0.7480422099999999,0.0
25255,665,33,-1.4000000000000001,4.981297254562378,False,2025-10-25 16:14:11,0,2824272246472704.0,0.74771254,0.0
25300,666,45,-1.4000000000000001,7.955387830734253,False,2025-10-25 16:14:20,0,2248996005347328.0,0.7472629900000001,0.0
25324,667,24,-1.4000000000000001,6.28371262550354,False,2025-10-25 16:14:27,0,2675301842681856.0,0.7470232299999999,0.0
25352,668,28,-1.1,5.362859487533569,False,2025-10-25 16:14:34,0,2972268229558272.0,0.7467435099999999,0.0
25387,669,35,-1.6,7.317852735519409,False,2025-10-25 16:14:42,0,5161312128598016.0,0.74639386,0.0
25417,670,30,-1.3,4.755459785461426,False,2025-10-25 16:14:48,0,2928078384791552.0,0.74609416,0.0
25445,671,28,-1.3,5.049576044082642,False,2025-10-25 16:14:54,0,2386169207717888.0,0.74581444,0.0
25489,672,44,-1.3,9.681668519973755,False,2025-10-25 16:15:05,0,1195218799951872.0,0.74537488,0.0
25512,673,23,-1.4000000000000001,4.076256275177002,False,2025-10-25 16:15:10,0,2959091269894144.0,0.7451451099999999,0.0
25549,674,37,-1.1,26.65134024620056,False,2025-10-25 16:15:39,0,2620374042804224.0,0.7447754799999999,0.0
25575,675,26,-1.4000000000000001,5.163288116455078,False,2025-10-25 16:15:46,0,3859178439311360.0,0.74451574,0.0
25599,676,24,-1.6,4.316415548324585,False,2025-10-25 16:15:51,0,1176276115128320.0,0.7442759800000001,0.0
25650,677,51,-1.4000000000000001,13.108681201934814,False,2025-10-25 16:16:06,0,4472815717711872.0,0.7437664900000001,0.0
25724,678,74,-1.2000000000000002,28.675159454345703,False,2025-10-25 16:16:36,0,2672473606717440.0,0.74302723,0.0
25768,679,44,1.1,11.249813318252563,True,2025-10-25 16:16:48,0,2583120570220544.0,0.74258767,0.0
25802,680,34,-1.5,7.351456880569458,False,2025-10-25 16:16:57,0,3545534694424576.0,0.74224801,0.0
25835,681,33,1.4000000000000001,11.081613779067993,True,2025-10-25 16:17:09,0,4005590116335616.0,0.74191834,0.0
25877,682,42,-1.2000000000000002,9.768784761428833,False,2025-10-25 16:17:21,0,2614546040619008.0,0.74149876,0.0
25918,683,41,-1.2000000000000002,8.503798484802246,False,2025-10-25 16:17:30,0,7226045178576896.0,0.74108917,0.0
25937,684,19,-1.5,2.97743558883667,False,2025-10-25 16:17:35,0,2464434249269248.0,0.74089936,0.0
25968,685,31,-1.5,6.1306610107421875,False,2025-10-25 16:17:42,0,1316607997509632.0,0.74058967,0.0
25993,686,25,-1.6,5.109392166137695,False,2025-10-25 16:17:48,0,4244068980752384.0,0.74033992,0.0
26040,687,47,-1.0,100.19036507606506,False,2025-10-25 16:19:30,0,3902872752226304.0,0.73987039,0.0
26066,688,26,-1.3,5.254576206207275,False,2025-10-25 16:19:37,0,2144675813130240.0,0.7396106499999999,0.0
26098,689,32,-1.4000000000000001,6.5752692222595215,False,2025-10-25 16:19:46,0,1560140025167872.0,0.7392909700000001,0.0
26126,690,28,-1.2000000000000002,5.511432409286499,False,2025-10-25 16:19:53,0,1068177559650304.0,0.73901125,0.0
26167,691,41,-1.3,10.587980508804321,False,2025-10-25 16:20:05,0,2706800595959808.0,0.73860166,0.0
26190,692,23,-1.3,3.9633054733276367,False,2025-10-25 16:20:11,0,1548368190898176.0,0.73837189,0.0
26213,693,23,-1.5,14.978738784790039,False,2025-10-25 16:20:28,0,2857870970322944.0,0.73814212,0.0
26255,694,42,-1.2000000000000002,9.848434925079346,False,2025-10-25 16:20:39,0,2805017371213824.0,0.73772254,0.0
26285,695,30,-1.2000000000000002,6.591935634613037,False,2025-10-25 16:20:48,0,1.0271852375048192e+16,0.73742284,0.0
26314,696,29,-1.4000000000000001,5.377702951431274,False,2025-10-25 16:20:55,0,1.3560254356783104e+16,0.73713313,0.0
26341,697,27,-1.5,5.136492967605591,False,2025-10-25 16:21:01,0,2632523163107328.0,0.7368634000000001,0.0
26372,698,31,-1.3,6.1342973709106445,False,2025-10-25 16:21:09,0,2127527887765504.0,0.7365537099999999,0.0
26397,699,25,-1.1,4.724838972091675,False,2025-10-25 16:21:15,0,1.0003750852755456e+16,0.7363039600000001,0.0
26433,700,36,-1.3,24.599822759628296,False,2025-10-25 16:21:41,0,2347195332296704.0,0.73594432,0.0
26474,701,41,1.1,9.980823516845703,True,2025-10-25 16:21:52,0,4863218312806400.0,0.7355347299999999,0.0
26510,702,36,-1.2000000000000002,8.27236819267273,False,2025-10-25 16:22:02,0,1227921352032256.0,0.73517509,0.0
26537,703,27,-1.4000000000000001,5.104793548583984,False,2025-10-25 16:22:09,0,4515950879571968.0,0.73490536,0.0
26570,704,33,-1.2000000000000002,6.550356864929199,False,2025-10-25 16:22:17,0,1516864471564288.0,0.73457569,0.0
26599,705,29,-1.2000000000000002,5.841075658798218,False,2025-10-25 16:22:24,0,5491856569794560.0,0.73428598,0.0
26637,706,38,-1.2000000000000002,13.515387773513794,False,2025-10-25 16:22:39,0,1368726620340224.0,0.73390636,0.0
26677,707,40,-1.1,9.487720727920532,False,2025-10-25 16:22:50,0,3948661130133504.0,0.73350676,0.0
26700,708,23,-1.4000000000000001,4.141558408737183,False,2025-10-25 16:22:55,0,1710312080277504.0,0.73327699,0.0
26734,709,34,-1.2000000000000002,7.186608076095581,False,2025-10-25 16:23:04,0,6061287091994624.0,0.7329373299999999,0.0
26759,710,25,-1.2000000000000002,4.571722984313965,False,2025-10-25 16:23:10,0,6235196760260608.0,0.73268758,0.0
26791,711,32,-1.5,6.864738464355469,False,2025-10-25 16:23:18,0,2365128431370240.0,0.7323679,0.0
26849,712,58,1.2000000000000002,34.38064789772034,True,2025-10-25 16:23:54,0,1212647508803584.0,0.7317884800000001,0.0
26873,713,24,-1.5,4.7228615283966064,False,2025-10-25 16:24:00,0,3140689198055424.0,0.7315487199999999,0.0
26905,714,32,-1.2000000000000002,6.769598960876465,False,2025-10-25 16:24:09,0,6131962389463040.0,0.73122904,0.0
26946,715,41,1.2000000000000002,9.109376430511475,True,2025-10-25 16:24:19,0,2278290366660608.0,0.73081945,0.0
26970,716,24,-1.3,5.226168155670166,False,2025-10-25 16:24:25,0,2921676736036864.0,0.73057969,0.0
27030,717,60,-1.5,150.07886791229248,False,2025-10-25 16:26:57,0,3481362514313216.0,0.7299802900000001,0.0
27134,718,104,-1.2000000000000002,65.84415245056152,False,2025-10-25 16:28:04,0,6072171075993600.0,0.72894133,0.0
27171,719,37,-1.2000000000000002,13.927638053894043,False,2025-10-25 16:28:20,0,1.1420093628022784e+16,0.7285717,0.0
27215,720,44,-1.3,11.034795045852661,False,2025-10-25 16:28:33,0,4170278489817088.0,0.72813214,0.0
27238,721,23,-1.5,4.674118518829346,False,2025-10-25 16:28:39,0,1.7415310701232128e+16,0.72790237,0.0
27307,722,69,-1.1,39.62749266624451,False,2025-10-25 16:29:21,0,3159689328066560.0,0.72721306,0.0
27345,723,38,-1.4000000000000001,8.917080640792847,False,2025-10-25 16:29:32,0,1.03302821838848e+16,0.72683344,0.0
27386,724,41,-1.4000000000000001,11.040894269943237,False,2025-10-25 16:29:45,0,2689018894483456.0,0.72642385,0.0
27432,725,46,-1.1,12.973404169082642,False,2025-10-25 16:30:00,0,2.3766893022150656e+16,0.72596431,0.0
27476,726,44,-1.2000000000000002,10.789760828018188,False,2025-10-25 16:30:13,0,1.88690261344256e+16,0.7255247499999999,0.0
27501,727,25,-1.2000000000000002,21.680087566375732,False,2025-10-25 16:30:36,0,1.1274308479352832e+16,0.725275,0.0
27530,728,29,-1.4000000000000001,6.003597259521484,False,2025-10-25 16:30:43,0,8673384732819456.0,0.72498529,0.0
27573,729,43,1.1,10.374820470809937,True,2025-10-25 16:30:55,0,8481411505848320.0,0.7245557199999999,0.0
27616,730,43,-1.2000000000000002,10.024118900299072,False,2025-10-25 16:31:07,0,2.138148751330509e+16,0.72412615,0.0
27650,731,34,-1.3,6.680984020233154,False,2025-10-25 16:31:15,0,5683603774111744.0,0.72378649,0.0
27672,732,22,-1.4000000000000001,4.283757209777832,False,2025-10-25 16:31:20,0,2.244272668750643e+16,0.7235667100000001,0.0
27698,733,26,-1.4000000000000001,4.840311288833618,False,2025-10-25 16:31:27,0,4405105021419520.0,0.72330697,0.0
27736,734,38,-1.4000000000000001,23.26183819770813,False,2025-10-25 16:31:52,0,1.3090959386476544e+16,0.72292735,0.0
27761,735,25,-1.4000000000000001,3.835561752319336,False,2025-10-25 16:31:57,0,1.0688363271028736e+16,0.7226775999999999,0.0
27791,736,30,-1.3,4.896822690963745,False,2025-10-25 16:32:03,0,3768819306725376.0,0.7223779,0.0
27822,737,31,-1.5,5.737382411956787,False,2025-10-25 16:32:10,0,2622857876078592.0,0.72206821,0.0
27839,738,17,-1.5,2.6999175548553467,False,2025-10-25 16:32:14,0,4798160832561152.0,0.7218983800000001,0.0
27886,739,47,1.3,10.874954223632812,True,2025-10-25 16:32:26,0,1.6748660909932544e+16,0.72142885,0.0
27918,740,32,-1.1,6.532853364944458,False,2025-10-25 16:32:34,0,5498182519750656.0,0.7211091700000001,0.0
27959,741,41,-1.3,12.601572513580322,False,2025-10-25 16:32:48,0,2575235815571456.0,0.72069958,0.0
27998,742,39,-1.2000000000000002,8.13687014579773,False,2025-10-25 16:32:58,0,1.5105125102125056e+16,0.72030997,0.0
28035,743,37,1.3,127.85915422439575,True,2025-10-25 16:35:07,0,6420900945592320.0,0.71994034,0.0
28068,744,33,-1.3,6.987357139587402,False,2025-10-25 16:35:16,0,6871732388364288.0,0.71961067,0.0
28114,745,46,-1.2000000000000002,12.02601671218872,False,2025-10-25 16:35:29,0,9447170335834112.0,0.71915113,0.0
28225,746,111,-1.3,67.03152108192444,False,2025-10-25 16:36:38,0,2.598424075567104e+16,0.7180422399999999,0.0
28262,747,37,-1.3,8.84373164176941,False,2025-10-25 16:36:48,0,1.930388083572736e+16,0.71767261,0.0
28303,748,41,1.2000000000000002,13.506507873535156,True,2025-10-25 16:37:03,0,8668589401833472.0,0.7172630200000001,0.0
28360,749,57,-1.2000000000000002,15.185468435287476,False,2025-10-25 16:37:20,0,3794154781933568.0,0.71669359,0.0
28392,750,32,-1.2000000000000002,6.161771774291992,False,2025-10-25 16:37:28,0,1.3605029390843904e+16,0.71637391,0.0
28410,751,18,1.4000000000000001,3.3522117137908936,True,2025-10-25 16:37:32,0,8594676772765696.0,0.71619409,0.0
28446,752,36,1.1,9.258561611175537,True,2025-10-25 16:37:43,0,8646091289395200.0,0.71583445,0.0
28489,753,43,1.1,17.466169118881226,True,2025-10-25 16:38:02,0,3.960973029697126e+16,0.7154048799999999,0.0
28517,754,28,-1.4000000000000001,5.573149919509888,False,2025-10-25 16:38:09,0,7600743494189056.0,0.7151251599999999,0.0
28561,755,44,-1.3,10.851388454437256,False,2025-10-25 16:38:22,0,1.1576861008068608e+16,0.7146855999999999,0.0
28594,756,33,-1.1,6.328363418579102,False,2025-10-25 16:38:30,0,9547010071855104.0,0.71435593,0.0
28616,757,22,1.3,3.974579095840454,True,2025-10-25 16:38:35,0,1.0776313463832576e+16,0.71413615,0.0
28633,758,17,-1.3,3.24808931350708,False,2025-10-25 16:38:39,0,1.2487277036961792e+16,0.7139663199999999,0.0
28663,759,30,-1.3,6.28743314743042,False,2025-10-25 16:38:47,0,9182593907949568.0,0.71366662,0.0
28727,760,64,-1.1,26.844436407089233,False,2025-10-25 16:39:16,0,8959613164584960.0,0.71302726,0.0
28761,761,34,-1.5,6.905064105987549,False,2025-10-25 16:39:24,0,5.872779366760448e+16,0.7126876,0.0
28827,762,66,1.1,18.562042236328125,True,2025-10-25 16:39:44,0,5220710989430784.0,0.71202826,0.0
28875,763,48,-1.3,17.74682641029358,False,2025-10-25 16:40:03,0,1.902119467823923e+16,0.71154874,0.0
28903,764,28,-1.4000000000000001,6.083945989608765,False,2025-10-25 16:40:11,0,6.304661521196646e+16,0.71126902,0.0
28941,765,38,-1.4000000000000001,9.74704623222351,False,2025-10-25 16:40:23,0,3.521704605253632e+16,0.7108894,0.0
28994,766,53,-1.2000000000000002,12.759540319442749,False,2025-10-25 16:40:38,0,4.951222407449805e+16,0.71035993,0.0
29042,767,48,-1.5,112.79547595977783,False,2025-10-25 16:42:32,0,1.8396218954612736e+16,0.70988041,0.0
29067,768,25,-1.4000000000000001,5.115107297897339,False,2025-10-25 16:42:39,0,1.13167824846848e+16,0.70963066,0.0
29106,769,39,-1.2000000000000002,9.595088481903076,False,2025-10-25 16:42:50,0,1.078920480817152e+16,0.70924105,0.0
29134,770,28,-1.4000000000000001,22.6012761592865,False,2025-10-25 16:43:14,0,9529353461301248.0,0.70896133,0.0
29163,771,29,-1.4000000000000001,5.649346351623535,False,2025-10-25 16:43:22,0,2.853754727353549e+16,0.7086716200000001,0.0
29207,772,44,-1.1,12.081851720809937,False,2025-10-25 16:43:35,0,1.2230138418692096e+16,0.70823206,0.0
29246,773,39,-1.2000000000000002,9.133593082427979,False,2025-10-25 16:43:46,0,1.3448440251940864e+16,0.70784245,0.0
29291,774,45,-1.4000000000000001,11.05380129814148,False,2025-10-25 16:43:59,0,1.939942238322688e+16,0.7073929,0.0
29351,775,60,-1.3,28.204836130142212,False,2025-10-25 16:44:28,0,1.3864472259067904e+16,0.7067935000000001,0.0
29386,776,35,-1.3,8.565735816955566,False,2025-10-25 16:44:40,0,7.75972772160471e+16,0.70644385,0.0
29414,777,28,-1.4000000000000001,7.106584548950195,False,2025-10-25 16:44:49,0,2.7077621317632e+16,0.70616413,0.0
29455,778,41,-1.3,10.202481031417847,False,2025-10-25 16:45:00,0,2.922084435807437e+16,0.70575454,0.0
29493,779,38,-1.1,8.515465259552002,False,2025-10-25 16:45:11,0,3636696985894912.0,0.7053749199999999,0.0
29539,780,46,-1.2000000000000002,38.70920443534851,False,2025-10-25 16:45:51,0,2.988789572881613e+16,0.7049153800000001,0.0
29577,781,38,-1.4000000000000001,10.551828384399414,False,2025-10-25 16:46:04,0,7.652698854575309e+16,0.70453576,0.0
29621,782,44,-1.3,12.482976198196411,False,2025-10-25 16:46:18,0,9.25838268610642e+16,0.7040962,0.0
29682,783,61,-1.3,25.645710229873657,False,2025-10-25 16:46:45,0,3.66646325673984e+16,0.70348681,0.0
29702,784,20,-1.3,3.7793431282043457,False,2025-10-25 16:46:51,0,1.1916605806084096e+16,0.7032870099999999,0.0
29736,785,34,-1.2000000000000002,8.152987241744995,False,2025-10-25 16:47:00,0,2.0929659101249536e+16,0.70294735,0.0
29770,786,34,-1.4000000000000001,8.389232635498047,False,2025-10-25 16:47:10,0,2.0152959362924544e+16,0.70260769,0.0
29792,787,22,-1.5,4.366150856018066,False,2025-10-25 16:47:16,0,1.19252182892544e+16,0.70238791,0.0
29823,788,31,-1.2000000000000002,6.986462354660034,False,2025-10-25 16:47:25,0,2.50607583625216e+16,0.70207822,0.0
29872,789,49,-1.1,13.410308599472046,False,2025-10-25 16:47:40,0,8.298981481460531e+16,0.70158871,0.0
29911,790,39,-1.3,14.424397945404053,False,2025-10-25 16:47:55,0,1.6880382188191744e+16,0.7011991,0.0
29946,791,35,1.1,7.763758182525635,True,2025-10-25 16:48:05,0,3.901812432175104e+16,0.70084945,0.0
29979,792,33,-1.6,8.045521974563599,False,2025-10-25 16:48:14,0,2.2637866379116544e+16,0.70051978,0.0
30029,793,50,-1.5,149.96983551979065,False,2025-10-25 16:50:46,0,8.470547386073088e+16,0.7000202799999999,0.0
30076,794,47,-1.2000000000000002,12.064087629318237,False,2025-10-25 16:51:00,0,1.5425510335053824e+16,0.69955075,0.0
30108,795,32,-1.1,13.552213907241821,False,2025-10-25 16:51:16,0,1.0932448409944064e+16,0.69923107,0.0
30138,796,30,-1.4000000000000001,6.6594078540802,False,2025-10-25 16:51:25,0,6293440274890752.0,0.6989313699999999,0.0
30180,797,42,-1.2000000000000002,10.374145269393921,False,2025-10-25 16:51:38,0,1.3501323325263053e+17,0.69851179,0.0
30215,798,35,-1.3,8.091619968414307,False,2025-10-25 16:51:48,0,7216472770215936.0,0.69816214,0.0
30242,799,27,-1.4000000000000001,5.766003847122192,False,2025-10-25 16:51:55,0,1.0422091404804096e+16,0.6978924099999999,0.0
30289,800,47,-1.2000000000000002,13.07463812828064,False,2025-10-25 16:52:10,0,2.770604804748083e+16,0.69742288,0.0
30329,801,40,-1.2000000000000002,39.64167070388794,False,2025-10-25 16:52:51,0,6.400874801581261e+16,0.69702328,0.0
30357,802,28,-1.2000000000000002,6.150017023086548,False,2025-10-25 16:53:00,0,7.042053289331917e+16,0.69674356,0.0
30393,803,36,-1.2000000000000002,7.772595643997192,False,2025-10-25 16:53:09,0,2.55559144046592e+16,0.6963839199999999,0.0
30432,804,39,1.1,9.256200551986694,True,2025-10-25 16:53:20,0,7.183712048172237e+16,0.6959943099999999,0.0
30482,805,50,-1.2000000000000002,15.007566213607788,False,2025-10-25 16:53:37,0,4.589399330049229e+16,0.69549481,0.0
30511,806,29,-1.3,6.086526870727539,False,2025-10-25 16:53:44,0,8.392996597583053e+16,0.6952051,0.0
30544,807,33,-1.3,34.10032534599304,False,2025-10-25 16:54:20,0,2.187015385985843e+16,0.69487543,0.0
30583,808,39,-1.4000000000000001,8.722258567810059,False,2025-10-25 16:54:31,0,1.858814815816909e+16,0.69448582,0.0
30614,809,31,-1.5,6.57048487663269,False,2025-10-25 16:54:39,0,2.104430036831437e+16,0.69417613,0.0
30634,810,20,-1.4000000000000001,4.541861057281494,False,2025-10-25 16:54:45,0,4.044058313044787e+16,0.69397633,0.0
30668,811,34,1.3,6.820071697235107,True,2025-10-25 16:54:54,0,3.508094068640973e+16,0.6936366700000001,0.0
30703,812,35,1.1,8.866475343704224,True,2025-10-25 16:55:04,0,3.171367344144384e+16,0.69328702,0.0
30769,813,66,-1.3,40.700122356414795,False,2025-10-25 16:55:46,0,4.472911656543846e+16,0.69262768,0.0
30815,814,46,-1.2000000000000002,10.605745315551758,False,2025-10-25 16:55:59,0,2.641149121737523e+16,0.6921681399999999,0.0
30843,815,28,-1.4000000000000001,5.511862277984619,False,2025-10-25 16:56:05,0,2.383501979339981e+16,0.69188842,0.0
30866,816,23,-1.4000000000000001,4.996810436248779,False,2025-10-25 16:56:12,0,4.195784045730202e+16,0.69165865,0.0
30893,817,27,-1.5,5.408116340637207,False,2025-10-25 16:56:19,0,9.336837135715533e+16,0.6913889200000001,0.0
30941,818,48,1.1,13.509814977645874,True,2025-10-25 16:56:34,0,1.139285172420608e+17,0.6909094,0.0
30970,819,29,1.2000000000000002,13.651222229003906,True,2025-10-25 16:56:49,0,4881428974141440.0,0.6906196899999999,0.0
31045,820,75,-1.3,136.23756861686707,False,2025-10-25 16:59:07,0,1.0758724713761997e+17,0.68987044,0.0
31134,821,89,-1.1,40.77197337150574,False,2025-10-25 16:59:50,0,1.1359448904551629e+17,0.6889813300000001,0.0
31166,822,32,1.1,7.115566968917847,True,2025-10-25 16:59:59,0,5.320875639727718e+16,0.68866165,0.0
31206,823,40,-1.4000000000000001,8.456493377685547,False,2025-10-25 17:00:09,0,5.592719581773824e+16,0.6882620500000001,0.0
31233,824,27,-1.2000000000000002,6.141467094421387,False,2025-10-25 17:00:17,0,2.2510615088070656e+16,0.68799232,0.0
31274,825,41,1.1,10.395995378494263,True,2025-10-25 17:00:29,0,6.164149518624358e+16,0.6875827299999999,0.0
31307,826,33,-1.3,7.145681619644165,False,2025-10-25 17:00:39,0,3.3154381566181376e+16,0.68725306,0.0
31337,827,30,-1.3,6.646142959594727,False,2025-10-25 17:00:47,0,9863628618465280.0,0.68695336,0.0
31380,828,43,1.2000000000000002,28.51314687728882,True,2025-10-25 17:01:18,0,3.1574426306740224e+16,0.68652379,0.0
31428,829,48,-1.1,11.488648176193237,False,2025-10-25 17:01:31,0,1.44670873092096e+16,0.68604427,0.0
31457,830,29,-1.5,6.843606472015381,False,2025-10-25 17:01:39,0,8687618254438400.0,0.68575456,0.0
31489,831,32,-1.4000000000000001,6.12786340713501,False,2025-10-25 17:01:47,0,1.860729941734195e+16,0.6854348800000001,0.0
31521,832,32,-1.4000000000000001,6.6836113929748535,False,2025-10-25 17:01:55,0,2.82679178166272e+16,0.6851152,0.0
31571,833,50,1.2000000000000002,15.364338159561157,True,2025-10-25 17:02:12,0,9.366945715453952e+16,0.6846156999999999,0.0
31589,834,18,-1.6,34.18546915054321,False,2025-10-25 17:02:48,0,3.3374337578827776e+16,0.68443588,0.0
31627,835,38,-1.4000000000000001,9.73979926109314,False,2025-10-25 17:03:00,0,2.894261637663949e+16,0.68405626,0.0
31663,836,36,-1.1,8.048988342285156,False,2025-10-25 17:03:10,0,2.849126685343744e+16,0.68369662,0.0
31700,837,37,-1.2000000000000002,8.73306155204773,False,2025-10-25 17:03:21,0,1.5940328737472512e+16,0.6833269900000001,0.0
31721,838,21,-1.3,3.9535136222839355,False,2025-10-25 17:03:26,0,2.1194381558022144e+16,0.6831172000000001,0.0
31765,839,44,1.2000000000000002,11.299704313278198,True,2025-10-25 17:03:39,0,4.037282572638618e+16,0.6826776400000001,0.0
31819,840,54,-1.5,35.323713541030884,False,2025-10-25 17:04:16,0,6.755534732525568e+16,0.6821381799999999,0.0
31865,841,46,-1.1,10.85017442703247,False,2025-10-25 17:04:29,0,1.3608265433953075e+17,0.68167864,0.0
31891,842,26,-1.4000000000000001,4.720753908157349,False,2025-10-25 17:04:35,0,7114527963348992.0,0.6814188999999999,0.0
31935,843,44,-1.2000000000000002,10.77025055885315,False,2025-10-25 17:04:48,0,1.8739011031924736e+16,0.6809793399999999,0.0
31960,844,25,-1.3,4.076470851898193,False,2025-10-25 17:04:53,0,3.292458793094349e+16,0.68072959,0.0
32043,845,83,-1.1,205.30165123939514,False,2025-10-25 17:08:20,0,3.2466222578663424e+16,0.6799004200000001,0.0
32075,846,32,-1.3,7.303203582763672,False,2025-10-25 17:08:30,0,1.0191077998854144e+16,0.67958074,0.0
32114,847,39,-1.3,10.73892855644226,False,2025-10-25 17:08:42,0,2.146444051166003e+16,0.67919113,0.0
32155,848,41,-1.3,9.185983896255493,False,2025-10-25 17:08:53,0,2.295894310177997e+16,0.67878154,0.0
32203,849,48,-1.4000000000000001,13.331855058670044,False,2025-10-25 17:09:09,0,1.3920854871742874e+17,0.6783020200000001,0.0
32233,850,30,-1.4000000000000001,25.106191873550415,False,2025-10-25 17:09:40,0,1.3740637185009254e+17,0.67800232,0.0
32281,851,48,-1.4000000000000001,12.856834411621094,False,2025-10-25 17:09:56,0,2.5425587917029376e+16,0.6775228,0.0
32319,852,38,-1.1,9.996981620788574,False,2025-10-25 17:10:08,0,2.940106118581453e+16,0.67714318,0.0
32344,853,25,-1.4000000000000001,4.796090841293335,False,2025-10-25 17:10:15,0,1.3062355978027008e+16,0.67689343,0.0
32390,854,46,-1.1,10.378982782363892,False,2025-10-25 17:10:27,0,6820146609913856.0,0.67643389,0.0
32422,855,32,-1.1,7.179844379425049,False,2025-10-25 17:10:36,0,2.505333021658317e+16,0.6761142099999999,0.0
32457,856,35,-1.3,15.308241367340088,False,2025-10-25 17:10:52,0,2.1963137754333184e+16,0.67576456,0.0
32483,857,26,-1.5,5.888126611709595,False,2025-10-25 17:11:01,0,3.032693802323149e+16,0.67550482,0.0
32514,858,31,-1.4000000000000001,6.977247953414917,False,2025-10-25 17:11:09,0,7237658233274368.0,0.6751951300000001,0.0
32562,859,48,1.1,13.419734001159668,True,2025-10-25 17:11:25,0,1.0166654882073805e+17,0.67471561,0.0
32590,860,28,-1.4000000000000001,6.641146183013916,False,2025-10-25 17:11:34,0,4.23961547547607e+16,0.67443589,0.0
32614,861,24,-1.3,4.85334038734436,False,2025-10-25 17:11:41,0,7843198693015552.0,0.67419613,0.0
32650,862,36,-1.2000000000000002,7.534071922302246,False,2025-10-25 17:11:50,0,6.093013693287629e+16,0.67383649,0.0
32699,863,49,-1.3,56.209529399871826,False,2025-10-25 17:12:48,0,8.304874176590643e+16,0.67334698,0.0
32756,864,57,-1.3,16.703599214553833,False,2025-10-25 17:13:07,0,2.6306947418423296e+16,0.67277755,0.0
32789,865,33,-1.2000000000000002,7.485921621322632,False,2025-10-25 17:13:16,0,4.656386646474752e+16,0.67244788,0.0
32845,866,56,-1.4000000000000001,16.531432628631592,False,2025-10-25 17:13:35,0,2.8048084210548736e+16,0.67188844,0.0
32866,867,21,-1.6,4.13742470741272,False,2025-10-25 17:13:41,0,4.373453528367104e+16,0.67167865,0.0
32895,868,29,1.3,61.00312948226929,True,2025-10-25 17:14:43,0,4.373261113832243e+16,0.6713889399999999,0.0
32927,869,32,-1.1,9.285852432250977,False,2025-10-25 17:14:55,0,6.58641781826519e+16,0.67106926,0.0
32957,870,30,-1.3,6.584745407104492,False,2025-10-25 17:15:04,0,3.012105876589773e+16,0.67076956,0.0
32996,871,39,-1.3,11.348644256591797,False,2025-10-25 17:15:17,0,1.3301877069945242e+17,0.6703799500000001,0.0
33025,872,29,-1.5,180.62813687324524,False,2025-10-25 17:18:20,0,2.153111987893043e+16,0.67009024,0.0
33073,873,48,1.3,9.297077178955078,True,2025-10-25 17:18:31,0,2.036839706997555e+16,0.66961072,0.0
33100,874,27,1.1,17.03028106689453,True,2025-10-25 17:18:49,0,2.1785852241772544e+16,0.66934099,0.0
33143,875,43,-1.1,8.397160053253174,False,2025-10-25 17:18:59,0,6.267981211998618e+16,0.66891142,0.0
33159,876,16,-1.4000000000000001,2.5119826793670654,False,2025-10-25 17:19:03,0,1.5340846865973248e+16,0.66875158,0.0
33187,877,28,1.2000000000000002,5.036538124084473,True,2025-10-25 17:19:09,0,6.271602728422605e+16,0.66847186,0.0
33208,878,21,-1.4000000000000001,2.922755718231201,False,2025-10-25 17:19:14,0,1.3447201583372698e+17,0.66826207,0.0
33263,879,55,-1.4000000000000001,10.502166748046875,False,2025-10-25 17:19:25,0,8.7287694098432e+16,0.66771262,0.0
33307,880,44,-1.2000000000000002,7.361071348190308,False,2025-10-25 17:19:34,0,3.45996122914816e+16,0.66727306,0.0
33330,881,23,-1.4000000000000001,3.092487096786499,False,2025-10-25 17:19:39,0,6.868110549817754e+16,0.6670432900000001,0.0
33358,882,28,-1.3,14.035423755645752,False,2025-10-25 17:19:54,0,6.274561960889549e+16,0.6667635700000001,0.0
33403,883,45,-1.2000000000000002,6.484029054641724,False,2025-10-25 17:20:02,0,2.764502944710656e+16,0.66631402,0.0
33441,884,38,-1.6,3.5644190311431885,False,2025-10-25 17:20:06,0,3.917973964613222e+16,0.6659344,0.0
33468,885,27,-1.2000000000000002,2.0537760257720947,False,2025-10-25 17:20:10,0,1.2453196471468032e+16,0.66566467,0.0
33506,886,38,1.2000000000000002,3.4512791633605957,True,2025-10-25 17:20:14,0,8.496452051822182e+16,0.66528505,0.0
33546,887,40,1.1,3.540785789489746,True,2025-10-25 17:20:19,0,2.284218226835456e+16,0.66488545,0.0
33661,888,115,1.1,37.89977240562439,True,2025-10-25 17:20:58,0,7.135683146887987e+16,0.6637366,0.0
33696,889,35,-1.6,4.200952768325806,False,2025-10-25 17:21:04,0,4.194191471856845e+16,0.66338695,0.0
33733,890,37,-1.4000000000000001,3.9237852096557617,False,2025-10-25 17:21:08,0,7.061899903710003e+16,0.66301732,0.0
33759,891,26,-1.3,2.4304492473602295,False,2025-10-25 17:21:11,0,4.131890823744717e+16,0.6627575800000001,0.0
33791,892,32,-1.3,3.6776225566864014,False,2025-10-25 17:21:16,0,3.4960557048070144e+16,0.6624379,0.0
33817,893,26,-1.3,6.590495586395264,False,2025-10-25 17:21:23,0,1.2816317702733824e+16,0.66217816,0.0
33848,894,31,-1.2000000000000002,3.3399181365966797,False,2025-10-25 17:21:27,0,9.976288187619738e+16,0.6618684699999999,0.0
33876,895,28,1.1,2.8419995307922363,True,2025-10-25 17:21:31,0,4.067404896272384e+16,0.66158875,0.0
33933,896,57,-1.4000000000000001,7.530919075012207,False,2025-10-25 17:21:40,0,4.118825533230285e+16,0.66101932,0.0
33972,897,39,1.1,4.746661424636841,True,2025-10-25 17:21:45,0,5.93512940699648e+16,0.66062971,0.0
34047,898,75,-1.2000000000000002,75.51751971244812,False,2025-10-25 17:23:01,0,5.223071073959936e+16,0.65988046,0.0
34077,899,30,-1.4000000000000001,3.729099988937378,False,2025-10-25 17:23:06,0,1.525302831391703e+17,0.65958076,0.0
34130,900,53,-1.4000000000000001,15.566242456436157,False,2025-10-25 17:23:23,0,9711499803099136.0,0.6590512900000001,0.0
34164,901,34,-1.1,3.804551124572754,False,2025-10-25 17:23:27,0,5.496482249572352e+16,0.65871163,0.0
34213,902,49,1.1,6.034446477890015,True,2025-10-25 17:23:34,0,1.683664224124928e+16,0.65822212,0.0
34244,903,31,1.1,3.229743242263794,True,2025-10-25 17:23:38,0,7.8683379955925e+16,0.65791243,0.0
34315,904,71,1.1,25.762717485427856,True,2025-10-25 17:24:05,0,6.646335189024768e+16,0.65720314,0.0
34343,905,28,-1.4000000000000001,3.32366943359375,False,2025-10-25 17:24:09,0,4.046818688525926e+16,0.65692342,0.0
34389,906,46,-1.3,5.105763673782349,False,2025-10-25 17:24:15,0,8.862488921636864e+16,0.65646388,0.0
34417,907,28,-1.2000000000000002,2.438610553741455,False,2025-10-25 17:24:18,0,2.4254717555113984e+16,0.65618416,0.0
34458,908,41,-1.1,4.585960626602173,False,2025-10-25 17:24:23,0,2.471497269300429e+16,0.65577457,0.0
34490,909,32,-1.5,3.2746801376342773,False,2025-10-25 17:24:28,0,1.5051443379634176e+16,0.65545489,0.0
34526,910,36,-1.3,4.499668121337891,False,2025-10-25 17:24:33,0,1.78678155706368e+16,0.65509525,0.0
34566,911,40,-1.5,4.714643716812134,False,2025-10-25 17:24:39,0,1.0966986389454848e+16,0.65469565,0.0
34600,912,34,-1.2000000000000002,18.436456203460693,False,2025-10-25 17:24:58,0,5.415113235156173e+16,0.65435599,0.0
34649,913,49,-1.3,6.639558792114258,False,2025-10-25 17:25:05,0,3.1031016307032064e+16,0.65386648,0.0
34683,914,34,1.1,3.5993165969848633,True,2025-10-25 17:25:09,0,1.2626299759624192e+16,0.65352682,0.0
34710,915,27,-1.2000000000000002,2.826894998550415,False,2025-10-25 17:25:13,0,2.977149782012723e+16,0.65325709,0.0
34758,916,48,-1.3,7.098782062530518,False,2025-10-25 17:25:21,0,1.29465346686976e+16,0.65277757,0.0
34788,917,30,1.1,3.109931230545044,True,2025-10-25 17:25:25,0,2.5366779077328896e+16,0.65247787,0.0
34820,918,32,-1.2000000000000002,15.334742307662964,False,2025-10-25 17:25:41,0,2.916770272772096e+16,0.65215819,0.0
34850,919,30,-1.4000000000000001,3.167574405670166,False,2025-10-25 17:25:45,0,5.881393782666035e+16,0.65185849,0.0
34890,920,40,1.1,5.416118860244751,True,2025-10-25 17:25:51,0,9.018135959463526e+16,0.65145889,0.0
34924,921,34,-1.2000000000000002,3.9446463584899902,False,2025-10-25 17:25:56,0,1.917023219089408e+16,0.6511192299999999,0.0
34954,922,30,-1.2000000000000002,4.7598960399627686,False,2025-10-25 17:26:01,0,1.671086906319831e+17,0.6508195299999999,0.0
34984,923,30,-1.2000000000000002,3.2302746772766113,False,2025-10-25 17:26:06,0,2.1761014445899776e+16,0.65051983,0.0
35028,924,44,-2.0,89.51135635375977,False,2025-10-25 17:27:37,0,8447619240034304.0,0.6500802699999999,0.0
35052,925,24,-1.3,1.979989767074585,False,2025-10-25 17:27:41,0,2.9096217292046336e+16,0.64984051,0.0
35067,926,15,-1.5,1.285994291305542,False,2025-10-25 17:27:43,0,1.2217288950284288e+16,0.64969066,0.0
35123,927,56,-1.1,7.483697414398193,False,2025-10-25 17:27:51,0,6.136974401549107e+16,0.64913122,0.0
35167,928,44,-1.0,5.502451181411743,False,2025-10-25 17:27:57,0,3.3041144753422336e+16,0.64869166,0.0
35198,929,31,-1.5,2.9100749492645264,False,2025-10-25 17:28:01,0,1.1571357436975514e+17,0.64838197,0.0
35245,930,47,-1.2000000000000002,17.057471752166748,False,2025-10-25 17:28:19,0,4.478864051719373e+16,0.64791244,0.0
35263,931,18,-1.6,1.4358129501342773,False,2025-10-25 17:28:22,0,2.203103689231565e+16,0.64773262,0.0
35291,932,28,-1.3,3.052318811416626,False,2025-10-25 17:28:26,0,2.86002409111552e+16,0.6474529,0.0
35329,933,38,-1.2000000000000002,3.821938991546631,False,2025-10-25 17:28:30,0,3.006203517783245e+16,0.6470732800000001,0.0
35345,934,16,-1.5,1.2388191223144531,False,2025-10-25 17:28:32,0,3.956395883049779e+16,0.6469134400000001,0.0
35377,935,32,-1.2000000000000002,3.016806125640869,False,2025-10-25 17:28:36,0,6.155236602491699e+16,0.64659376,0.0
35423,936,46,-1.5,5.2949059009552,False,2025-10-25 17:28:42,0,9373030610370560.0,0.64613422,0.0
35464,937,41,-1.4000000000000001,4.281324148178101,False,2025-10-25 17:28:47,0,1.6161445465030656e+16,0.64572463,0.0
35507,938,43,1.1,19.228647470474243,True,2025-10-25 17:29:07,0,1.0588237704934195e+17,0.64529506,0.0
35543,939,36,-1.2000000000000002,3.833069086074829,False,2025-10-25 17:29:11,0,1.5824644867096576e+16,0.6449354199999999,0.0
35593,940,50,-1.1,8.600907325744629,False,2025-10-25 17:29:21,0,2.8728548764155904e+16,0.64443592,0.0
35643,941,50,-1.2000000000000002,6.288079500198364,False,2025-10-25 17:29:28,0,9.521181427027149e+16,0.64393642,0.0
35688,942,45,-1.3,6.1132214069366455,False,2025-10-25 17:29:35,0,3.05604639850496e+16,0.64348687,0.0
35725,943,37,-1.5,10.472603797912598,False,2025-10-25 17:29:46,0,7362400726548480.0,0.64311724,0.0
35764,944,39,-1.3,4.683852672576904,False,2025-10-25 17:29:52,0,2.106055252456243e+16,0.64272763,0.0
35794,945,30,-1.2000000000000002,2.9757423400878906,False,2025-10-25 17:29:56,0,5.453582398232986e+16,0.64242793,0.0
35821,946,27,-1.4000000000000001,2.630919933319092,False,2025-10-25 17:29:59,0,1.6128617956245504e+16,0.6421581999999999,0.0
35854,947,33,-1.2000000000000002,4.1964874267578125,False,2025-10-25 17:30:04,0,8304932910268416.0,0.64182853,0.0
35902,948,48,-1.3,6.124786615371704,False,2025-10-25 17:30:11,0,7.252333170157158e+16,0.64134901,0.0
35939,949,37,1.4000000000000001,4.097862720489502,True,2025-10-25 17:30:16,0,5.427888615378125e+16,0.6409793800000001,0.0
35983,950,44,1.1,4.7348949909210205,True,2025-10-25 17:30:21,0,2.4361362022570394e+17,0.6405398200000001,0.0
36041,951,58,0.9,72.09037709236145,True,2025-10-25 17:31:42,0,4.275021897374106e+16,0.6399604,0.0
36148,952,107,-1.1,23.73246455192566,False,2025-10-25 17:32:06,0,6.73713895810007e+16,0.6388914699999999,0.0
36182,953,34,-1.1,3.0047767162323,False,2025-10-25 17:32:10,0,1.0928507777449984e+16,0.63855181,0.0
36218,954,36,-1.3,4.646338701248169,False,2025-10-25 17:32:16,0,7978543849930752.0,0.63819217,0.0
